/*******************************************************************************
 * Size: 16 px
 * Bpp: 4
 * Opts: --font C:\Windows\Fonts\simhei.ttf --size 16 --bpp 4 --format lvgl --lv-include lvgl.h --lv-font-name font_cn_16 --range 0x20-0x7E --symbols °·—…→、。「」一上下不专丝两中串乎了交产亮仅他们件份仿会低住体你例侧信做像先共关兼内再准几别到制前动勿单卡印叉发口另只叭可右号同名后听呀和喇回在地块声壳天失头好始字完实容对屏左已幕应度座开引张当待很微态思意成我或打扰抄拉按据排接控插搜摄摸收改效敏数文无旧时星是有未本机来板架查校楚模横次正没波测清源滑灯灵点焊物特状率生用电略的真着知确离程空竖答线组绿网置考聆脚自菜蓝表要角触言认讲设试话语说调败软轻过近返这通避那部量针钟钮锁错键闭闹雪静靠音颗高麦！（），：；？～ --no-kerning -o D:\Work\BondWatch\firmware\src\font_cn_16.c
 ******************************************************************************/

#ifdef LV_LVGL_H_INCLUDE_SIMPLE
#include "lvgl.h"
#else
#include "lvgl.h"
#endif

#ifndef FONT_CN_16
#define FONT_CN_16 1
#endif

#if FONT_CN_16

/*-----------------
 *    BITMAPS
 *----------------*/

/*Store the image of the glyphs*/
static LV_ATTRIBUTE_LARGE_CONST const uint8_t glyph_bitmap[] = {
    /* U+0020 " " */

    /* U+0021 "!" */
    0xfb, 0x11, 0x0, 0xc, 0xc2, 0x27, 0xf1, 0x10,
    0x0, 0x8e, 0x17, 0xec, 0x1c,

    /* U+0022 "\"" */
    0xf6, 0x7e, 0x12, 0x12, 0x37, 0x37, 0xb2, 0x7e,

    /* U+0023 "#" */
    0x0, 0x3c, 0x3, 0x48, 0x5, 0xdc, 0xe, 0xe0,
    0x4, 0x66, 0x1, 0x10, 0x4, 0xc2, 0x4, 0x61,
    0x7e, 0x77, 0xe9, 0x51, 0x38, 0x19, 0x80, 0xb9,
    0x22, 0x9, 0x98, 0x10, 0x41, 0x48, 0xc, 0x80,
    0x17, 0x63, 0xfc, 0x2f, 0x89, 0x66, 0x63, 0xae,
    0x49, 0x7, 0x98, 0x69, 0x88, 0x11, 0x0, 0x88,
    0x0,

    /* U+0024 "$" */
    0x0, 0xa5, 0x40, 0x35, 0x35, 0x40, 0x2, 0x5d,
    0x15, 0xd0, 0x12, 0xcb, 0xcf, 0x40, 0x1c, 0x0,
    0xeb, 0x5, 0x74, 0x2, 0x20, 0x43, 0x17, 0x8,
    0x5, 0x2c, 0x9e, 0x20, 0x1a, 0x2, 0xb, 0x8c,
    0x9, 0xd4, 0x85, 0x40, 0x6, 0xe0, 0x96, 0x58,
    0xba, 0x14, 0xc8, 0xce, 0xc0, 0x36, 0xd5, 0x0,
    0x1b, 0x5c, 0x0,

    /* U+0025 "%" */
    0x1d, 0xc0, 0x0, 0xa0, 0x32, 0xb2, 0x83, 0x30,
    0x3b, 0x84, 0x40, 0xe2, 0x0, 0xe4, 0xd0, 0x7,
    0x70, 0x89, 0xa8, 0x0, 0x65, 0x66, 0x70, 0x4,
    0x3b, 0x96, 0x9b, 0x60, 0x1d, 0x74, 0x8, 0x0,
    0x6b, 0x22, 0xc0, 0xf, 0x30, 0xe, 0x3c, 0x2,
    0x2c, 0x8, 0xa1, 0x54, 0x4,

    /* U+0026 "&" */
    0x0, 0x47, 0x60, 0x80, 0x48, 0xf6, 0x12, 0x1,
    0x1a, 0x2a, 0x10, 0x4, 0x2e, 0x9, 0xa0, 0x12,
    0x1d, 0x3, 0x80, 0x44, 0x2d, 0x80, 0x1a, 0xcc,
    0xc2, 0xa, 0xc, 0xba, 0x76, 0x54, 0x1e, 0xa1,
    0xeb, 0x22, 0x1c, 0xc0, 0x72, 0x88, 0x5, 0x29,
    0x4c, 0x5, 0x62, 0xb4, 0xb6, 0xd8, 0x50,

    /* U+0027 "'" */
    0x3f, 0x21, 0x2, 0x30, 0x0, 0xc0, 0x0,

    /* U+0028 "(" */
    0x0, 0x88, 0x2, 0x1c, 0x30, 0x5, 0x41, 0x82,
    0xbb, 0x0, 0x26, 0x0, 0x2, 0x48, 0x0, 0x25,
    0x0, 0x98, 0x80, 0x3f, 0x31, 0x0, 0x46, 0xa0,
    0x19, 0x50, 0x2, 0xf9, 0x0, 0x91, 0xe0, 0x2,
    0xa5, 0x30, 0xb, 0xc,

    /* U+0029 ")" */
    0x11, 0x0, 0x4f, 0xa0, 0x13, 0x2c, 0x80, 0x52,
    0xe4, 0x1, 0x4d, 0x80, 0x4c, 0x80, 0x10, 0x98,
    0x6, 0x22, 0x0, 0x7e, 0x22, 0x0, 0x8, 0xc0,
    0x25, 0x50, 0x0, 0x66, 0x40, 0xa, 0x91, 0x6,
    0x7, 0x0, 0x35, 0x80, 0x40,

    /* U+002A "*" */
    0x0, 0xa6, 0x40, 0x10, 0x90, 0x6, 0x21, 0x6d,
    0x71, 0x13, 0xeb, 0x3d, 0x51, 0xdd, 0x54, 0x70,
    0x44, 0x0, 0x11, 0x0, 0xbe, 0xab, 0xbd, 0x5a,
    0x70, 0x89, 0x92, 0xc6, 0xe0, 0x22, 0x7, 0x30,
    0xb, 0x30, 0x1, 0x0,

    /* U+002B "+" */
    0x0, 0x99, 0x0, 0x3d, 0x86, 0x1, 0xff, 0xc7,
    0xaf, 0xf2, 0xc7, 0xf9, 0xef, 0x74, 0xaf, 0xba,
    0x61, 0x22, 0x7, 0x91, 0x4, 0x3, 0xf0,

    /* U+002C "," */
    0x55, 0x74, 0xc2, 0x5d, 0x0,

    /* U+002D "-" */
    0xaf, 0xff, 0x35, 0xee, 0xf9, 0x80,

    /* U+002E "." */
    0x55, 0x4f, 0x0,

    /* U+002F "/" */
    0x0, 0xf1, 0x10, 0x3, 0xd2, 0x1, 0xe3, 0x22,
    0x0, 0x74, 0x40, 0x3, 0x90, 0xc4, 0x3, 0xa2,
    0x40, 0x39, 0x50, 0x40, 0x3a, 0x60, 0x3, 0x96,
    0xc0, 0x3d, 0x2e, 0x1, 0xcd, 0x40, 0x1e, 0xa6,
    0x0, 0xe7, 0xa0, 0xf, 0x23, 0x0, 0x78,

    /* U+0030 "0" */
    0x0, 0x47, 0x71, 0x80, 0x27, 0x74, 0xcc, 0x80,
    0x8, 0x83, 0xb9, 0xbc, 0xc, 0x18, 0x1, 0xa8,
    0xa, 0x22, 0x0, 0x30, 0x8, 0x18, 0x4, 0x60,
    0x60, 0x1f, 0x8c, 0xc0, 0x11, 0x81, 0xb8, 0x90,
    0x1, 0xc0, 0x48, 0x94, 0x0, 0xe5, 0x0, 0x43,
    0xd5, 0xa4, 0x80, 0x16, 0xd8, 0x30, 0xc0, 0x24,
    0xcb, 0x30, 0x0,

    /* U+0031 "1" */
    0x0, 0x36, 0x1, 0xc8, 0x26, 0x18, 0x1d, 0xa0,
    0x3a, 0x0, 0x7f, 0xf4, 0x80,

    /* U+0032 "2" */
    0x0, 0xfe, 0x1b, 0xff, 0x50, 0x5, 0xab, 0x10,
    0x58, 0x4, 0x3c, 0x77, 0x94, 0x13, 0x48, 0x1,
    0xe0, 0x11, 0x0, 0x58, 0xe0, 0x1c, 0x69, 0x20,
    0x1d, 0xca, 0x60, 0x1a, 0xe, 0xc0, 0x32, 0x3d,
    0x8, 0x4, 0x54, 0xe8, 0x1, 0xbc, 0x2c, 0xce,
    0x2, 0x20, 0xe6, 0x61,

    /* U+0033 "3" */
    0x0, 0x2d, 0xd9, 0x80, 0x26, 0xbc, 0x39, 0x70,
    0x4, 0x53, 0xc3, 0xd0, 0x2, 0x90, 0x1, 0xc0,
    0x12, 0x0, 0x6, 0xd4, 0x3, 0x4f, 0x34, 0x0,
    0x6d, 0x64, 0x50, 0xc, 0x92, 0xf6, 0x0, 0x30,
    0xb, 0x4, 0xf, 0x8, 0x0, 0x62, 0x6, 0x6f,
    0x66, 0x44, 0x80, 0x35, 0xe6, 0x20, 0xe0,

    /* U+0034 "4" */
    0x0, 0xc3, 0xe6, 0x1, 0xd4, 0x1, 0xe5, 0x40,
    0xf, 0x5c, 0x80, 0x74, 0x93, 0x0, 0x63, 0x6e,
    0x0, 0xee, 0x82, 0x0, 0xce, 0xe, 0x1, 0xd6,
    0x5f, 0xf0, 0x65, 0x76, 0xee, 0xa, 0xb2, 0x2e,
    0x6, 0x10, 0xf, 0xc0,

    /* U+0035 "5" */
    0x5, 0xff, 0xd6, 0x0, 0xd4, 0xcc, 0xa4, 0x0,
    0x78, 0x67, 0x10, 0x1, 0x4c, 0x3, 0x84, 0x51,
    0xfd, 0x0, 0x5, 0x4, 0xb9, 0x77, 0x2, 0xec,
    0x23, 0xba, 0x40, 0x48, 0x2, 0xc1, 0x2, 0x20,
    0x7, 0xae, 0x40, 0x2e, 0x30, 0xa4, 0x95, 0xa5,
    0x90, 0x3a, 0x4a, 0x6b, 0x50,

    /* U+0036 "6" */
    0x0, 0xdd, 0x0, 0x1d, 0x1, 0x0, 0x18, 0x5e,
    0xc0, 0x3a, 0xcd, 0x40, 0x32, 0x2b, 0xd3, 0x80,
    0x50, 0xe, 0xd1, 0x80, 0x46, 0xf9, 0x8b, 0x35,
    0x70, 0x90, 0x2, 0x16, 0x80, 0x4, 0x2, 0x10,
    0x70, 0x30, 0x0, 0x9e, 0x92, 0x72, 0xa6, 0x92,
    0x85, 0xa5, 0xd8, 0x3c, 0x0,

    /* U+0037 "7" */
    0x5f, 0xff, 0x32, 0x66, 0x6a, 0x5, 0x13, 0x3d,
    0x88, 0x60, 0x18, 0x5a, 0x0, 0x39, 0x8c, 0xc0,
    0x1d, 0x32, 0x0, 0xe4, 0x15, 0x0, 0xee, 0x50,
    0xf, 0x27, 0x80, 0x72, 0xa, 0x80, 0x76, 0x10,
    0x7, 0x91, 0x0, 0x18,

    /* U+0038 "8" */
    0x1, 0xbf, 0xe8, 0x0, 0xb4, 0x6e, 0x1d, 0xc0,
    0x27, 0x48, 0xcf, 0x60, 0x60, 0x1b, 0xc0, 0x4,
    0x30, 0x3, 0x56, 0x0, 0xa7, 0xfe, 0x77, 0x0,
    0x25, 0x2a, 0x11, 0xc1, 0x8e, 0xd5, 0xea, 0x3,
    0x94, 0x2, 0x50, 0x2f, 0x50, 0x9, 0xc0, 0xd4,
    0x72, 0x2a, 0x54, 0x4a, 0xc1, 0xd5, 0x56, 0x0,

    /* U+0039 "9" */
    0x2, 0xbf, 0xe7, 0x0, 0xe, 0x3c, 0xb4, 0x38,
    0x30, 0x6b, 0x43, 0x48, 0x6a, 0x88, 0x3, 0x4,
    0x3, 0xc4, 0x21, 0x88, 0x60, 0x32, 0x80, 0xc7,
    0x98, 0xe1, 0x90, 0x6, 0x5d, 0x85, 0xc, 0x2,
    0x43, 0x18, 0x0, 0xef, 0x43, 0x0, 0xc6, 0x92,
    0x1, 0xd0, 0xa4, 0x1, 0x0,

    /* U+003A ":" */
    0xe9, 0x8d, 0x64, 0x0, 0xf3, 0x24, 0x68,

    /* U+003B ";" */
    0xe9, 0x8d, 0x64, 0x0, 0xf3, 0x24, 0x6c, 0x66,
    0x14,

    /* U+003C "<" */
    0x0, 0xff, 0xe0, 0x8e, 0x90, 0x6, 0x2c, 0x82,
    0x0, 0x8b, 0xe5, 0x40, 0x22, 0xf9, 0x40, 0x8,
    0xbe, 0x50, 0x2, 0x2f, 0x94, 0x0, 0xc6, 0x2,
    0x1, 0xc3, 0x92, 0xc0, 0x1c, 0x3b, 0x4c, 0x1,
    0xc3, 0x94, 0xe0, 0x1e, 0xcb, 0x80, 0xf, 0x61,
    0x90, 0x7, 0xac, 0x80,

    /* U+003D "=" */
    0xaf, 0xff, 0x35, 0xee, 0xf9, 0x84, 0x8b, 0xc0,
    0x1f, 0xd5, 0xff, 0xe6, 0xbd, 0xdf, 0x30,

    /* U+003E ">" */
    0x0, 0xfc, 0x98, 0x20, 0x1c, 0x95, 0xa2, 0x1,
    0xcd, 0x5a, 0x20, 0x1c, 0xd5, 0xa2, 0x1, 0xcd,
    0x3a, 0x20, 0x1c, 0xb3, 0x82, 0x1, 0xc4, 0x22,
    0x0, 0xcf, 0x98, 0x0, 0xd1, 0x96, 0x1, 0xa4,
    0xac, 0x3, 0x49, 0xd0, 0x6, 0x43, 0xa0, 0xe,
    0x4a, 0x0, 0xf0,

    /* U+003F "?" */
    0x0, 0x4f, 0x72, 0x0, 0x12, 0xf1, 0x2e, 0xc0,
    0xd2, 0xce, 0x7a, 0x24, 0x80, 0x13, 0x8e, 0x98,
    0x11, 0xd8, 0x6, 0xf3, 0x70, 0xa, 0xf, 0x40,
    0x32, 0x40, 0x80, 0x68, 0x70, 0xe, 0x41, 0x0,
    0xe9, 0x40, 0xe, 0x63, 0x0, 0x0,

    /* U+0040 "@" */
    0x0, 0x34, 0xc4, 0x88, 0x1, 0x8e, 0x62, 0x20,
    0x7, 0xab, 0xdd, 0x9, 0x2e, 0xae, 0xcb, 0x63,
    0xea, 0xcc, 0x33, 0xb1, 0x8, 0x11, 0x5a, 0x1,
    0x11, 0x3, 0xc9, 0x88, 0x4, 0x85, 0x7, 0x53,
    0x81, 0xf2, 0xa9, 0xe2, 0x8b, 0x3a, 0xfc, 0xc0,
    0x7c, 0x40, 0x4, 0x30, 0x4, 0xd4, 0x40, 0x8c,
    0x0,

    /* U+0041 "A" */
    0x0, 0xb6, 0xc0, 0x38, 0x49, 0x0, 0x39, 0x0,
    0x6, 0x1, 0xb1, 0x49, 0x0, 0x32, 0x6a, 0x60,
    0x4, 0x24, 0x98, 0x80, 0x13, 0x81, 0xb8, 0x20,
    0x3, 0x3, 0xf4, 0x30, 0x0, 0x8d, 0x98, 0x54,
    0x2, 0x1d, 0x33, 0x61, 0x82, 0x2, 0x0, 0x10,
    0x13, 0xc, 0x2, 0x21, 0xc0,

    /* U+0042 "B" */
    0x5f, 0xfb, 0xa4, 0x3, 0x55, 0xc3, 0xd0, 0x4,
    0xe8, 0xd2, 0xa0, 0x1f, 0xfc, 0x12, 0xa4, 0x0,
    0xb7, 0xf4, 0x28, 0x2, 0xac, 0x93, 0xa0, 0x9,
    0xcd, 0xa9, 0xc, 0x3, 0x98, 0x18, 0x3, 0x9c,
    0x4, 0x0, 0xe8, 0xd6, 0x28, 0x0, 0xab, 0x84,
    0xc0,

    /* U+0043 "C" */
    0x0, 0x36, 0xfd, 0x8, 0x1, 0x65, 0x69, 0xe8,
    0x1, 0xb, 0xb, 0x28, 0x45, 0x70, 0x1, 0x41,
    0x9c, 0x18, 0x0, 0x34, 0xa6, 0x6, 0x1, 0x28,
    0x80, 0x7f, 0xf0, 0xb1, 0x54, 0xa, 0x0, 0x13,
    0x3, 0xd, 0x0, 0x20, 0x20, 0x43, 0x43, 0x5a,
    0x88, 0x3c, 0x34, 0xa5, 0x0,

    /* U+0044 "D" */
    0x5f, 0xfa, 0xcc, 0x3, 0x55, 0x1f, 0x10, 0x2,
    0x75, 0xc2, 0x80, 0xf, 0x51, 0x88, 0x7, 0x18,
    0x10, 0x7, 0x38, 0x38, 0x7, 0xff, 0x5, 0xc1,
    0xc0, 0x38, 0xc0, 0x80, 0x3a, 0x90, 0x40, 0xe,
    0xb8, 0x50, 0x1, 0x55, 0x1f, 0x4c, 0x0,

    /* U+0045 "E" */
    0x2f, 0xff, 0x0, 0x4f, 0x77, 0x80, 0x2d, 0x44,
    0xc0, 0x1f, 0xfc, 0x7a, 0xff, 0xa4, 0x2, 0x8c,
    0xca, 0x0, 0x22, 0x33, 0x84, 0x3, 0xff, 0x8e,
    0x48, 0x98, 0x40, 0x11, 0x77, 0x94,

    /* U+0046 "F" */
    0x4f, 0xff, 0x28, 0x2, 0x6e, 0xf2, 0x0, 0x15,
    0x13, 0x8, 0x7, 0xff, 0x3b, 0x3f, 0xe1, 0x0,
    0xa7, 0x32, 0x10, 0x9, 0x4c, 0xe0, 0xf, 0xfe,
    0x70,

    /* U+0047 "G" */
    0x0, 0x3f, 0x7c, 0x80, 0x4d, 0x13, 0x26, 0x70,
    0x4, 0x3b, 0x99, 0xe4, 0x8, 0x70, 0x1, 0x82,
    0xe, 0xc, 0x0, 0x4d, 0x3, 0x3, 0x0, 0x88,
    0x3, 0xf, 0xfc, 0x40, 0x10, 0xe5, 0x0, 0x8,
    0x14, 0xd, 0xc0, 0x8, 0x1a, 0x0, 0x70, 0xa,
    0x1a, 0x1a, 0xc0, 0x27, 0x73, 0x44, 0x80, 0x0,

    /* U+0048 "H" */
    0x5f, 0x20, 0x2, 0xf9, 0x0, 0x7f, 0xf5, 0xb7,
    0xfd, 0x40, 0x1a, 0xb3, 0x10, 0x1, 0x9c, 0xcc,
    0x40, 0x1f, 0xfd, 0x60,

    /* U+0049 "I" */
    0xda, 0x0, 0xff, 0xe5, 0x0,

    /* U+004A "J" */
    0x0, 0xe7, 0xf0, 0xf, 0xfe, 0xf1, 0x51, 0x0,
    0x72, 0xb0, 0x6, 0x20, 0x30, 0x6, 0x90, 0x2c,
    0x3c, 0xad, 0x5, 0x34, 0xbb, 0xc0,

    /* U+004B "K" */
    0x5f, 0x20, 0x5, 0x70, 0x80, 0x65, 0x55, 0x88,
    0x4, 0x36, 0xca, 0x1, 0xa8, 0xe4, 0x3, 0x52,
    0x48, 0x7, 0x38, 0x18, 0x7, 0x1a, 0xc8, 0x7,
    0x7c, 0xb, 0x0, 0x61, 0x24, 0x80, 0xf, 0x40,
    0xb0, 0x7, 0x1a, 0x58, 0x7, 0xa0, 0x98,

    /* U+004C "L" */
    0x4f, 0x30, 0xf, 0xff, 0xf8, 0x6, 0x54, 0x4c,
    0x20, 0x9, 0xbb, 0xca,

    /* U+004D "M" */
    0x7f, 0x90, 0x5, 0xfa, 0x80, 0x14, 0x0, 0xa0,
    0x18, 0x80, 0x2, 0x1, 0x8, 0xc6, 0x20, 0x11,
    0x92, 0xac, 0x1, 0x9c, 0xb8, 0xc0, 0x31, 0x79,
    0xf0, 0x6, 0xd5, 0x58, 0x3, 0x39, 0x89, 0x80,
    0x62, 0x2, 0x0, 0xf1, 0x30, 0x7, 0x9c, 0xc0,
    0x20,

    /* U+004E "N" */
    0x6f, 0x60, 0x2, 0xf9, 0x0, 0x28, 0x3, 0xe3,
    0x20, 0xf, 0x15, 0x80, 0x7a, 0x9c, 0x3, 0xcc,
    0x2a, 0x1, 0xe6, 0x90, 0xf, 0x51, 0x90, 0x7,
    0x19, 0x50, 0x7, 0xac, 0x80, 0x3c, 0xe0, 0x1f,
    0xa, 0x80, 0x0,

    /* U+004F "O" */
    0x0, 0x4f, 0xf4, 0x0, 0x54, 0xd3, 0x27, 0x80,
    0x25, 0x96, 0x76, 0x60, 0x38, 0x38, 0x3, 0x44,
    0x88, 0x2, 0x0, 0x60, 0x6f, 0x0, 0xf0, 0x80,
    0x7e, 0xf0, 0xf, 0x9, 0x0, 0x80, 0x18, 0x19,
    0x1, 0xc0, 0x1a, 0x24, 0x2b, 0x2c, 0xed, 0x20,
    0xa, 0x69, 0x93, 0xb8, 0x0,

    /* U+0050 "P" */
    0x3f, 0xfb, 0xa8, 0x40, 0x28, 0xb8, 0x7d, 0x0,
    0x8d, 0x1a, 0x4c, 0xc0, 0x1c, 0xa0, 0xc0, 0x1c,
    0x40, 0xc0, 0x18, 0xa0, 0x4c, 0x1, 0x7f, 0xab,
    0xa0, 0x14, 0xe6, 0xf1, 0x80, 0x44, 0x64, 0x1,
    0xff, 0xcf,

    /* U+0051 "Q" */
    0x0, 0x4f, 0xf4, 0x0, 0x54, 0xd3, 0x27, 0x80,
    0x25, 0x96, 0x76, 0x60, 0x38, 0x38, 0x3, 0x44,
    0x88, 0x2, 0x0, 0x60, 0x6f, 0x0, 0xf0, 0x80,
    0x7e, 0xf0, 0x9, 0xc4, 0x4, 0x80, 0x42, 0x20,
    0xc, 0x80, 0xe0, 0xe8, 0x24, 0x2b, 0x2c, 0x0,
    0x70, 0x5, 0x34, 0xb1, 0x28, 0x5, 0x3f, 0xdf,
    0xe0,

    /* U+0052 "R" */
    0x5f, 0xfb, 0xa4, 0x3, 0x55, 0xcb, 0x58, 0x4,
    0xe8, 0xf0, 0x82, 0x1, 0xc6, 0x6, 0x1, 0xc4,
    0x6, 0x1, 0x8e, 0xcc, 0x40, 0x1b, 0xf8, 0x1c,
    0x1, 0x55, 0x84, 0x10, 0x4, 0xe8, 0xb0, 0x1,
    0xe8, 0x24, 0x0, 0xe2, 0x48, 0x0, 0xf4, 0x1a,
    0x0,

    /* U+0053 "S" */
    0x0, 0x4f, 0x72, 0x40, 0x2a, 0x78, 0x66, 0x80,
    0xb, 0x6d, 0xb, 0x40, 0x40, 0x1a, 0x24, 0x8,
    0x96, 0x80, 0x4a, 0x0, 0xf2, 0xbc, 0x30, 0x8,
    0xb2, 0x87, 0x14, 0x3, 0x2e, 0xa5, 0x2, 0xe8,
    0x5, 0xe0, 0x62, 0x46, 0x0, 0x10, 0x24, 0x2e,
    0x56, 0xb4, 0x10, 0xf6, 0xb8, 0x7a, 0x0,

    /* U+0054 "T" */
    0x5f, 0xff, 0x12, 0x5d, 0x89, 0x2e, 0xc4, 0x28,
    0x80, 0x14, 0x40, 0x7, 0xff, 0xf4,

    /* U+0055 "U" */
    0x5f, 0x20, 0x2, 0x79, 0x80, 0x7f, 0xfb, 0x4,
    0x3, 0xc2, 0xc0, 0xc0, 0x3, 0x2, 0x21, 0xd2,
    0xb4, 0xa8, 0x3, 0x56, 0xe1, 0x2c, 0x0,

    /* U+0056 "V" */
    0xbb, 0x0, 0x6f, 0x7c, 0x40, 0x8, 0xc1, 0x10,
    0x6, 0x0, 0x40, 0x33, 0x2, 0x0, 0x31, 0x0,
    0x9, 0x80, 0x4, 0xc0, 0x6, 0x28, 0x18, 0x20,
    0x1, 0x44, 0x94, 0x4c, 0x0, 0x42, 0x98, 0x80,
    0x19, 0x31, 0x30, 0x3, 0x62, 0x8a, 0x0, 0x64,
    0x1, 0x20, 0xc, 0x42, 0x80, 0x10,

    /* U+0057 "W" */
    0xe7, 0xe, 0x90, 0xba, 0x2e, 0x1, 0x20, 0x62,
    0x63, 0x10, 0x60, 0x3e, 0x21, 0x23, 0x20, 0x12,
    0xe6, 0x68, 0x4c, 0x18, 0x8c, 0x8a, 0x50, 0x27,
    0x1d, 0xe6, 0xf0, 0x1, 0x3, 0x91, 0x10, 0x80,
    0x40, 0x9b, 0x89, 0x80, 0x4, 0x4, 0x40, 0x20,
    0x3, 0x8, 0x30, 0x70, 0x0, 0x88, 0x4, 0x4,
    0x0,

    /* U+0058 "X" */
    0x3f, 0x40, 0x4, 0x70, 0x1a, 0x70, 0x1, 0xa4,
    0x1, 0xea, 0x2a, 0x2c, 0x0, 0x42, 0x99, 0x30,
    0x80, 0x50, 0xe7, 0x60, 0x19, 0x45, 0x8, 0x3,
    0x18, 0xa8, 0x7, 0x4a, 0x3, 0x0, 0x44, 0xbe,
    0xd6, 0x1, 0x59, 0x24, 0x92, 0x80, 0xb5, 0x80,
    0xac, 0x84, 0x8b, 0x0, 0x24, 0xd0,

    /* U+0059 "Y" */
    0x8e, 0x0, 0x87, 0xd6, 0x45, 0x40, 0x12, 0x2a,
    0x2b, 0x20, 0x6, 0x90, 0x4, 0x99, 0x28, 0xb8,
    0x0, 0xd2, 0xe5, 0xc0, 0x37, 0xb1, 0xd0, 0x6,
    0x41, 0x42, 0x0, 0xe3, 0x10, 0xf, 0xfe, 0xb8,

    /* U+005A "Z" */
    0x1f, 0xff, 0x8, 0xae, 0xf2, 0x8, 0x81, 0x12,
    0x54, 0x80, 0xe, 0x82, 0x60, 0xc, 0x4d, 0x0,
    0x1d, 0x6, 0xa0, 0x18, 0x96, 0x0, 0x3a, 0x51,
    0x0, 0x18, 0xd2, 0x0, 0x3b, 0xd4, 0xc0, 0x32,
    0x1e, 0x22, 0x61, 0x30, 0x9b, 0xbc, 0xa0,

    /* U+005B "[" */
    0xdf, 0xf8, 0xe, 0xf7, 0x40, 0x7, 0x22, 0x0,
    0x7f, 0xfb, 0x73, 0xfc, 0x1f, 0xbb, 0x0,

    /* U+005C "\\" */
    0xe, 0x0, 0xf9, 0x14, 0x3, 0xdd, 0xc0, 0xf,
    0x23, 0x10, 0x7, 0x95, 0x40, 0x1e, 0xaa, 0x0,
    0x78, 0x84, 0xc0, 0x3d, 0x54, 0x0, 0xf3, 0x38,
    0x7, 0xc8, 0xa0, 0x1e, 0xee, 0x0, 0x79, 0x18,
    0x80, 0x3c, 0xaa, 0x0, 0xf5, 0x50, 0x0,

    /* U+005D "]" */
    0x3f, 0xfa, 0x8f, 0x75, 0x2, 0x4, 0x41, 0x0,
    0xff, 0xf6, 0x1f, 0xfa, 0x40, 0xf7, 0x6a,

    /* U+005E "^" */
    0x0, 0x27, 0xf0, 0x80, 0x6, 0x9d, 0x68, 0x1,
    0x4d, 0x16, 0xe,

    /* U+005F "_" */
    0xcc, 0xfa, 0xc0,

    /* U+0060 "`" */
    0x9f, 0x30, 0x95, 0xf0, 0x5, 0x3, 0x0,

    /* U+0061 "a" */
    0x1, 0xae, 0xe4, 0x80, 0x56, 0xf5, 0x47, 0x70,
    0x3, 0x39, 0x10, 0xba, 0x0, 0x65, 0xbe, 0x41,
    0x0, 0x6d, 0x9d, 0xb0, 0x1, 0xb, 0xe1, 0x4c,
    0x0, 0xc0, 0xe3, 0xa, 0x0, 0x28, 0xbf, 0x26,
    0x50,

    /* U+0062 "b" */
    0x4f, 0x0, 0xff, 0xea, 0x2f, 0x7c, 0x0, 0x68,
    0xa9, 0x76, 0x0, 0xa5, 0x19, 0x96, 0x1, 0x20,
    0x3, 0x8, 0x3, 0xfe, 0x40, 0x6, 0x90, 0x5,
    0x28, 0xcf, 0x40, 0x15, 0xd4, 0x3b, 0x80,

    /* U+0063 "c" */
    0x0, 0x57, 0xf4, 0x80, 0x56, 0xf5, 0x6f, 0x20,
    0x69, 0xca, 0xab, 0x0, 0x30, 0x18, 0x1, 0x64,
    0x3, 0xc2, 0x60, 0xc0, 0x60, 0x7, 0xc0, 0x34,
    0xe5, 0x55, 0xb0, 0x2, 0xde, 0xad, 0x24, 0x0,

    /* U+0064 "d" */
    0x0, 0xe6, 0xe0, 0xf, 0xfe, 0x51, 0x5f, 0xe7,
    0x0, 0x39, 0xae, 0xce, 0x6, 0x6e, 0x47, 0x50,
    0x60, 0x30, 0x6, 0x81, 0x80, 0x61, 0x5, 0x2,
    0x0, 0x78, 0x19, 0x49, 0x2b, 0x0, 0x3c, 0x36,
    0x58, 0x0,

    /* U+0065 "e" */
    0x0, 0x4f, 0x72, 0x0, 0x2a, 0x4d, 0xa6, 0x80,
    0x25, 0x93, 0x46, 0x60, 0x30, 0x5f, 0xf9, 0xc4,
    0x2, 0xdd, 0xe0, 0x60, 0x12, 0x20, 0xc0, 0x12,
    0xf2, 0xa7, 0x8, 0x2, 0x92, 0xe9, 0x28, 0x0,

    /* U+0066 "f" */
    0x0, 0x93, 0x7f, 0x44, 0x2, 0xb5, 0xbb, 0x0,
    0x44, 0x12, 0x8c, 0x20, 0x1, 0x0, 0xe5, 0xfc,
    0xe, 0xfa, 0x5, 0xec, 0xe, 0xe5, 0x0, 0x4,
    0x2, 0x10, 0xf, 0xfe, 0xf0,

    /* U+0067 "g" */
    0x0, 0xff, 0x57, 0xeb, 0xeb, 0x4, 0x36, 0x2c,
    0x7b, 0x82, 0x59, 0xc8, 0x0, 0x41, 0x70, 0x1c,
    0x8, 0x1, 0x89, 0xf3, 0x40, 0x15, 0x76, 0xfa,
    0x80, 0x43, 0x2, 0x62, 0x1, 0x33, 0x33, 0x1d,
    0x60, 0x8d, 0xdf, 0xeb, 0x41, 0x47, 0xff, 0x74,
    0x48, 0x80,

    /* U+0068 "h" */
    0x2f, 0x20, 0xf, 0xfe, 0x78, 0xdf, 0xe9, 0x80,
    0x3b, 0x35, 0xbc, 0x0, 0x8e, 0x5e, 0x60, 0xd,
    0x0, 0xf3, 0x0, 0x7f, 0xf3, 0x40,

    /* U+0069 "i" */
    0xc8, 0x5e, 0x96, 0x0, 0x64, 0x0, 0x7f, 0xf0,
    0x80,

    /* U+006A "j" */
    0x0, 0xa3, 0x0, 0x2e, 0x50, 0x9, 0xa4, 0x3,
    0xf4, 0x60, 0x7, 0xff, 0x59, 0xd5, 0x48, 0xa6,
    0x6a, 0xb7, 0x80,

    /* U+006B "k" */
    0x1f, 0x30, 0xf, 0xfe, 0xa9, 0x7b, 0x0, 0x61,
    0xc7, 0x60, 0xd, 0x89, 0x0, 0x1b, 0x8d, 0xc0,
    0x38, 0x7c, 0xd8, 0x3, 0x78, 0xc4, 0x0, 0x3c,
    0xc0, 0xe0, 0x1e, 0x88, 0x8,

    /* U+006C "l" */
    0xb9, 0x0, 0xff, 0xe5, 0x0,

    /* U+006D "m" */
    0xc9, 0xde, 0x5d, 0xe3, 0x7, 0x93, 0xa9, 0x2a,
    0x7, 0x46, 0x54, 0x63, 0x1, 0x0, 0x18, 0x7,
    0xff, 0x5c,

    /* U+006E "n" */
    0x2f, 0x3b, 0xfd, 0x30, 0x6, 0xf7, 0xbf, 0x80,
    0x19, 0x43, 0x8c, 0x1, 0x60, 0x1e, 0x10, 0xf,
    0xfe, 0x68,

    /* U+006F "o" */
    0x0, 0x4f, 0xf4, 0x0, 0x54, 0xf5, 0x6d, 0x0,
    0x4b, 0x4a, 0xa8, 0x71, 0x70, 0x40, 0x2, 0x1,
    0x0, 0x7e, 0x70, 0x30, 0x3, 0x81, 0x11, 0x79,
    0x55, 0x6e, 0x21, 0x49, 0x56, 0xd0, 0x0,

    /* U+0070 "p" */
    0x4f, 0x7e, 0xe4, 0x0, 0x6b, 0xca, 0x67, 0x0,
    0xbc, 0x91, 0xa8, 0x2, 0x30, 0x6, 0x90, 0x4,
    0x20, 0x1f, 0x28, 0x3, 0x8, 0x2, 0x94, 0x66,
    0x58, 0x5, 0x15, 0x2e, 0xc0, 0x12, 0xf7, 0xc0,
    0x7, 0xf8,

    /* U+0071 "q" */
    0x1, 0xbf, 0xc8, 0xe0, 0xc7, 0xbb, 0x38, 0x19,
    0x72, 0x3a, 0x82, 0x81, 0x0, 0x30, 0xc, 0x3,
    0xcc, 0x6, 0x0, 0xc0, 0x33, 0x7a, 0x3a, 0x80,
    0x38, 0x2e, 0xce, 0x0, 0x2c, 0xfc, 0xe0, 0xf,
    0xc0,

    /* U+0072 "r" */
    0x6e, 0x8, 0xe3, 0x0, 0x59, 0xc1, 0x0, 0x8a,
    0xd8, 0x40, 0x16, 0x1, 0x84, 0x40, 0x1f, 0xfc,
    0x90,

    /* U+0073 "s" */
    0x1a, 0xee, 0x50, 0x5b, 0x6d, 0x3c, 0x32, 0x9a,
    0x7d, 0x51, 0xb2, 0x18, 0x9b, 0x6c, 0xed, 0xe0,
    0x1e, 0xde, 0x8e, 0x4c, 0xc8, 0xd4, 0x3b, 0x8f,
    0x40,

    /* U+0074 "t" */
    0x0, 0x1b, 0x0, 0x72, 0x58, 0x7, 0xfa, 0x7e,
    0xb, 0xfc, 0xd3, 0xd0, 0x5d, 0xc6, 0x1, 0x0,
    0x8, 0x80, 0x3f, 0xf8, 0xa2, 0x1, 0xe5, 0x25,
    0x46, 0x0, 0x1c, 0xdd, 0xb4,

    /* U+0075 "u" */
    0x2f, 0x20, 0x2, 0x78, 0x7, 0xff, 0x38, 0x40,
    0xc0, 0x37, 0x80, 0x8a, 0x81, 0x90, 0x1, 0x4d,
    0xf9, 0x60,

    /* U+0076 "v" */
    0x4f, 0x0, 0x93, 0xc1, 0x5, 0x40, 0x1a, 0x80,
    0x7, 0xf0, 0x3, 0xf0, 0x3, 0x54, 0xc, 0x54,
    0x0, 0x80, 0x96, 0x80, 0x19, 0x75, 0x74, 0x3,
    0x73, 0x13, 0x80, 0x64, 0x4, 0x10, 0x0,

    /* U+0077 "w" */
    0xd7, 0xe, 0xa0, 0xb9, 0x7e, 0x1, 0x60, 0x6f,
    0xd5, 0x34, 0x20, 0x25, 0x32, 0x53, 0x24, 0x3,
    0x51, 0xfe, 0x6d, 0x30, 0x12, 0x75, 0xd7, 0x50,
    0x3, 0x89, 0x98, 0x7c, 0x1, 0xa2, 0xc, 0xa,
    0x0,

    /* U+0078 "x" */
    0xe, 0x80, 0x6, 0x58, 0x2, 0xdc, 0x54, 0xe4,
    0x0, 0xa9, 0x11, 0x10, 0x5, 0x2c, 0xe, 0x1,
    0x84, 0xc, 0x40, 0x37, 0x39, 0x40, 0x4, 0xe7,
    0x1e, 0xc6, 0x5, 0x16, 0x6, 0xdc, 0x0,

    /* U+0079 "y" */
    0x5f, 0x10, 0x2, 0x78, 0xa8, 0x38, 0x3, 0x50,
    0x41, 0xb4, 0x0, 0xfc, 0x0, 0xd4, 0x14, 0x15,
    0x0, 0x20, 0xbe, 0xa8, 0x6, 0x6a, 0x7e, 0x0,
    0xd6, 0x60, 0x80, 0x18, 0xc9, 0xc0, 0x32, 0x29,
    0x50, 0x6, 0xea, 0x73, 0x0, 0x80,

    /* U+007A "z" */
    0xe, 0xff, 0xd4, 0x1d, 0xd5, 0x87, 0x0, 0x4,
    0x52, 0xc8, 0x1, 0x50, 0x48, 0x4, 0xaa, 0xf0,
    0x8, 0xaa, 0x48, 0x2, 0xe4, 0x71, 0x10, 0x11,
    0xa7, 0x75, 0xe0,

    /* U+007B "{" */
    0x2, 0xdb, 0xb, 0x6b, 0x3, 0x10, 0xf, 0xf8,
    0xc0, 0x2, 0x20, 0x64, 0xb0, 0x63, 0xb0, 0x3,
    0x8, 0x4, 0x60, 0x1f, 0xe3, 0x10, 0x5, 0x35,
    0x80,

    /* U+007C "|" */
    0xb9, 0x0, 0xff, 0xea, 0x0,

    /* U+007D "}" */
    0xd, 0xc1, 0x0, 0x69, 0x38, 0x4, 0x62, 0x1,
    0xff, 0xc1, 0x10, 0xc, 0xfc, 0x1, 0x6b, 0x18,
    0x3, 0x58, 0xc0, 0xf, 0xc0, 0x10, 0x80, 0x7f,
    0xf0, 0x8c, 0x40, 0x1a, 0x4e, 0x0,

    /* U+007E "~" */
    0x0, 0xfe, 0x3f, 0xb0, 0x3, 0x88, 0x7c, 0x86,
    0x24, 0x88, 0x2b, 0x5b, 0xdc, 0x80, 0x24, 0x1,
    0x78, 0xe0,

    /* U+00B0 "°" */
    0x7, 0x70, 0x51, 0x94, 0x2, 0x29, 0x11, 0xe7,
    0x21, 0x29, 0x80,

    /* U+00B7 "·" */
    0x4f, 0xf1, 0x80, 0x66, 0x55, 0x10,

    /* U+2014 "—" */
    0xff, 0xff, 0xe2, 0x0,

    /* U+2026 "…" */
    0x8f, 0xf0, 0x1, 0x3f, 0xc6, 0x5, 0xfe, 0x50,
    0xf, 0xfe, 0x16, 0xab, 0x0, 0x19, 0x54, 0x40,
    0x6a, 0xa6,

    /* U+2192 "→" */
    0x0, 0xfc, 0x42, 0x1, 0xff, 0x36, 0x80, 0x7f,
    0xf0, 0xe, 0x40, 0x3f, 0xf8, 0xc, 0xc0, 0xff,
    0xfd, 0x60, 0x9, 0x30, 0xf, 0xfe, 0x3, 0x77,
    0x7e, 0xa0, 0x3, 0xa8, 0x8f, 0xf0, 0x24, 0x0,
    0x7f, 0x8a, 0xc0, 0x3f, 0xcd, 0xe0, 0x10,

    /* U+3001 "、" */
    0x0, 0xcf, 0x60, 0x5, 0x46, 0x2, 0x58, 0x10,
    0x91, 0x90, 0x38, 0x90,

    /* U+3002 "。" */
    0x7, 0x60, 0xa2, 0x9, 0x65, 0x65, 0xba, 0xba,
    0x78, 0x96,

    /* U+300C "「" */
    0x1f, 0xfd, 0xc0, 0xf, 0xfb, 0x80, 0x3f, 0xfe,
    0xc2, 0xe0, 0x18,

    /* U+300D "」" */
    0x0, 0xe9, 0x0, 0xc2, 0xc0, 0x1f, 0xff, 0x61,
    0xff, 0xb8, 0x0,

    /* U+4E00 "一" */
    0x1a, 0xa4, 0xcf, 0xfd, 0x42, 0xa, 0x8e, 0xff,
    0xf2, 0x80,

    /* U+4E0A "上" */
    0x0, 0xf1, 0xd8, 0x80, 0x7f, 0xf0, 0x5d, 0x0,
    0x3f, 0xfc, 0xa2, 0x3c, 0x1, 0xfe, 0xee, 0xf0,
    0x7, 0xfb, 0x33, 0xc0, 0x1f, 0xe2, 0x33, 0xe0,
    0xf, 0xff, 0xba, 0xa2, 0x63, 0x4, 0x4f, 0x28,
    0x8a, 0xab, 0xa4, 0x6e, 0xab, 0xac, 0xc0,

    /* U+4E0B "下" */
    0x0, 0xff, 0xe1, 0x7f, 0xff, 0xf0, 0x7a, 0xed,
    0x99, 0x50, 0x4e, 0x66, 0xba, 0x44, 0x19, 0xce,
    0xa, 0x67, 0x91, 0x0, 0x1f, 0xfc, 0xa1, 0x30,
    0xf, 0xfe, 0x4, 0x62, 0x0, 0x7f, 0xd2, 0xb6,
    0xa0, 0x1f, 0xf5, 0x2d, 0x28, 0x7, 0xfd, 0x49,
    0x20, 0x1f, 0xfc, 0xb, 0xd0, 0xf, 0xfe, 0x8,
    0x80, 0x7f, 0xf4, 0x40,

    /* U+4E0D "不" */
    0x0, 0xff, 0xe2, 0x5f, 0xff, 0xff, 0x4, 0x2b,
    0x77, 0xa4, 0x33, 0x77, 0x80, 0x48, 0xba, 0xdc,
    0xc8, 0xb8, 0x3, 0xd2, 0x58, 0x1, 0xff, 0x33,
    0x80, 0x17, 0x44, 0x3, 0xe6, 0x9d, 0x0, 0x2b,
    0x79, 0x0, 0x74, 0x4d, 0x98, 0x5, 0x6b, 0x86,
    0x0, 0x2c, 0x6c, 0x40, 0xe, 0xb2, 0xc3, 0xe,
    0x7f, 0x30, 0xf, 0xb0, 0xdc, 0x32, 0xc4, 0x3,
    0xfb, 0x10, 0x3, 0xff, 0xc2,

    /* U+4E13 "专" */
    0x0, 0xf8, 0x40, 0x3f, 0xf8, 0x5e, 0xe0, 0x1f,
    0xfc, 0x2, 0x15, 0x0, 0xfd, 0x1b, 0xb6, 0x7,
    0xee, 0xe6, 0x0, 0xab, 0xba, 0x25, 0xee, 0xe7,
    0x0, 0x88, 0xce, 0x2e, 0x33, 0xe1, 0x0, 0x7f,
    0x76, 0x1a, 0xee, 0xf6, 0x85, 0xee, 0xca, 0x9b,
    0xbf, 0x70, 0x21, 0x98, 0x93, 0x8c, 0xff, 0x0,
    0x67, 0xa, 0xff, 0xf0, 0x7, 0x9a, 0xf7, 0x73,
    0x4, 0x0, 0x7c, 0xc4, 0x53, 0x32, 0x9c, 0x3,
    0xec, 0xe8, 0x4b, 0x95, 0x0, 0xfd, 0xf2, 0xb6,
    0x26, 0x1, 0xfc, 0x2f, 0xb8, 0x95, 0x0, 0x1f,
    0xf1, 0xd7, 0x48, 0x4,

    /* U+4E1D "丝" */
    0x0, 0xca, 0x80, 0x1d, 0x26, 0x1, 0xeb, 0xe0,
    0xc, 0x8c, 0x1, 0xe5, 0xb, 0x0, 0xde, 0xc6,
    0x1, 0xd7, 0x2, 0x64, 0x6, 0xb0, 0x2, 0x1,
    0x49, 0x30, 0x74, 0x87, 0xc0, 0xb7, 0x10, 0x3b,
    0x2b, 0xd1, 0xcd, 0x12, 0x1c, 0x31, 0x0, 0xa0,
    0x72, 0xd1, 0x21, 0xf6, 0x14, 0x80, 0x1a, 0xe5,
    0x5d, 0x3, 0xb6, 0x87, 0x40, 0x3a, 0x5e, 0x0,
    0x23, 0x8d, 0x10, 0x8, 0x65, 0xfd, 0x5d, 0x17,
    0x1d, 0x62, 0x90, 0x11, 0x86, 0xa7, 0x5f, 0x1,
    0x30, 0x75, 0x41, 0x73, 0xb9, 0x94, 0x73, 0xfb,
    0x52, 0xe2, 0x8, 0xe4, 0x67, 0xfc, 0x88, 0x2b,
    0xad, 0xdf, 0xf5, 0x50,

    /* U+4E24 "两" */
    0x0, 0xff, 0xe1, 0xdf, 0xff, 0xff, 0x4, 0x6f,
    0xfe, 0xd0, 0xff, 0x50, 0xff, 0xe1, 0x0, 0xc2,
    0x1, 0x8c, 0x3, 0x93, 0xfe, 0xc0, 0xff, 0x51,
    0x7f, 0xc8, 0x1, 0x77, 0x1d, 0x3b, 0x8a, 0xae,
    0xe0, 0x80, 0x61, 0x11, 0x98, 0x44, 0xd8, 0x22,
    0x0, 0xf0, 0xa3, 0xa8, 0x9e, 0x80, 0x7e, 0xb4,
    0xab, 0x91, 0xd, 0x10, 0xe, 0x55, 0x4a, 0xe3,
    0x4d, 0xb4, 0x80, 0x72, 0x51, 0x4, 0x9b, 0x85,
    0xc0, 0x7, 0xa, 0x80, 0x23, 0x80, 0x30, 0x80,
    0x7e, 0x33, 0x0, 0xb4, 0x3, 0x80, 0x7f, 0x86,
    0x95, 0xcc, 0x0,

    /* U+4E2D "中" */
    0x0, 0xf7, 0xb8, 0x7, 0xff, 0x0, 0x40, 0x3f,
    0xe1, 0x0, 0xf0, 0xf7, 0x70, 0xcf, 0x76, 0x90,
    0x1b, 0xff, 0x86, 0x3f, 0xe5, 0x30, 0x0, 0x8e,
    0x1, 0x1c, 0x1, 0xff, 0xd2, 0xbf, 0xf8, 0x67,
    0xfe, 0x40, 0x2, 0x6f, 0xfc, 0x33, 0xff, 0x46,
    0x8d, 0x90, 0x7, 0xe7, 0x70, 0x7, 0xff, 0x84,
    0x44, 0x1, 0xc0,

    /* U+4E32 "串" */
    0x0, 0xef, 0x50, 0xf, 0xfe, 0x2a, 0xff, 0xe0,
    0xaf, 0xfc, 0x62, 0x1f, 0xf0, 0xd7, 0xfc, 0x0,
    0x10, 0xf, 0xfe, 0xf, 0xfc, 0x35, 0xff, 0x0,
    0x17, 0xff, 0xd, 0x7f, 0xe3, 0xcc, 0xe1, 0x8c,
    0xcd, 0x25, 0x5d, 0xd0, 0xdf, 0x74, 0xa4, 0x6,
    0x45, 0x1, 0x91, 0x42, 0x0, 0x23, 0x38, 0x48,
    0xce, 0x20, 0x3b, 0xff, 0x82, 0xbf, 0xe7, 0x1d,
    0xcc, 0xc3, 0x19, 0x96, 0xd0, 0x7, 0x8, 0x7,
    0x80,

    /* U+4E4E "乎" */
    0x0, 0xff, 0xa, 0x40, 0x80, 0x5, 0x15, 0x9e,
    0x2b, 0x3b, 0x94, 0x88, 0x0, 0xaa, 0x37, 0x40,
    0x3, 0xcf, 0xec, 0x50, 0x0, 0xf7, 0x22, 0xa3,
    0x0, 0x80, 0xf4, 0x40, 0x34, 0xf0, 0x7, 0xa4,
    0x44, 0x1, 0xac, 0x98, 0x3, 0x1a, 0xf8, 0x7,
    0xc, 0x90, 0x7, 0x41, 0x80, 0x7, 0xfe, 0x9b,
    0xf9, 0xf, 0xc8, 0xff, 0x87, 0x31, 0xbb, 0xa0,
    0x37, 0x7b, 0x0, 0xcc, 0x45, 0x84, 0x8, 0xb8,
    0xc0, 0x3f, 0xfa, 0xe4, 0x7e, 0x1, 0xff, 0xc0,
    0x9c, 0x67, 0x0, 0xff, 0xa7, 0x3a, 0x0, 0x3c,

    /* U+4E86 "了" */
    0x0, 0xff, 0xe0, 0x5f, 0xff, 0xfd, 0x5b, 0xbf,
    0x61, 0x83, 0x9, 0x17, 0x9f, 0x47, 0x24, 0x3,
    0x8a, 0xe9, 0xb4, 0xc0, 0x3d, 0x2b, 0x90, 0x1,
    0xf8, 0x48, 0xc0, 0x3f, 0xfe, 0xe2, 0x26, 0x70,
    0xf, 0xdb, 0xc7, 0x80, 0x1f, 0xa2, 0x18, 0xe0,
    0x1c,

    /* U+4EA4 "交" */
    0x0, 0xff, 0xe5, 0x16, 0xb0, 0x7, 0xff, 0x4,
    0x82, 0xc0, 0x3f, 0x11, 0x91, 0x65, 0x43, 0x22,
    0x8c, 0xc0, 0xb, 0xdc, 0xcc, 0xcf, 0xb9, 0x96,
    0xe8, 0x1, 0x3d, 0xcb, 0x4e, 0xec, 0x93, 0xdd,
    0x0, 0x65, 0xa1, 0x0, 0xdb, 0x16, 0x20, 0x19,
    0xe9, 0xa8, 0x3, 0x1d, 0x2f, 0x90, 0x0, 0xe6,
    0x2f, 0x8c, 0x2, 0xac, 0xf9, 0x20, 0x1, 0xf3,
    0x92, 0x78, 0x2, 0x2, 0x5, 0xc0, 0x3e, 0x93,
    0x64, 0x7a, 0x10, 0xf, 0xe2, 0x89, 0xb8, 0x40,
    0xf, 0xfb, 0x80, 0x3f, 0xf8, 0x7, 0x1c, 0xb9,
    0x73, 0xd2, 0x82, 0x1, 0x4f, 0x62, 0x5e, 0x1a,
    0x74, 0x25, 0xf5, 0x80, 0x36, 0x77, 0x14, 0x3,
    0x36, 0xea, 0x60, 0x0,

    /* U+4EA7 "产" */
    0x0, 0xfc, 0x20, 0x1f, 0xfc, 0x25, 0xe2, 0x0,
    0xfe, 0x32, 0x29, 0x81, 0x48, 0xa3, 0x20, 0x8,
    0xb7, 0x32, 0xd1, 0x9c, 0xcb, 0x60, 0x2, 0x2e,
    0xe4, 0xc7, 0x76, 0x5b, 0xea, 0x0, 0xf7, 0xc9,
    0x0, 0xd, 0x4, 0x3, 0xf4, 0x20, 0x80, 0x25,
    0x10, 0x1, 0xc9, 0xff, 0x26, 0x7f, 0x95, 0x3f,
    0xe1, 0x0, 0xdb, 0xbf, 0xec, 0x10, 0xc, 0x45,
    0xfe, 0x30, 0x8, 0x88, 0x1, 0xff, 0xc2, 0xf7,
    0x0, 0xff, 0xe1, 0x3e, 0x0, 0x7f, 0xf0, 0x60,
    0x18, 0x3, 0xff, 0x80, 0x2f, 0x0, 0x1f, 0xfc,
    0x11, 0xd6, 0x0, 0xff, 0xe0, 0x80,

    /* U+4EAE "亮" */
    0x0, 0xf2, 0x80, 0x7f, 0xf0, 0x4a, 0x94, 0x3,
    0xe8, 0xfe, 0xeb, 0x2, 0xbb, 0xb7, 0xc0, 0x4e,
    0xff, 0xee, 0xe7, 0xfe, 0xd9, 0x1, 0x25, 0xaa,
    0xfc, 0x44, 0x10, 0x8, 0x52, 0x67, 0xbd, 0x1c,
    0x3, 0x8c, 0x26, 0x7a, 0x0, 0x3e, 0x7d, 0x99,
    0xee, 0xd4, 0x0, 0x91, 0xa, 0xcd, 0xf9, 0x12,
    0xb, 0x9f, 0xff, 0xf4, 0xd0, 0x2, 0xee, 0x99,
    0xeb, 0xbc, 0x0, 0xe6, 0x0, 0x67, 0xcc, 0xb5,
    0x80, 0xd, 0xc0, 0x20, 0x1, 0x14, 0x5d, 0x84,
    0x2, 0x10, 0xc, 0x9a, 0x4a, 0x1, 0x70, 0x1,
    0xb8, 0xb, 0xed, 0xfc, 0x2, 0x47, 0xff, 0x44,
    0x81, 0x5f, 0x59, 0x0, 0x55, 0xff, 0x9c, 0x0,

    /* U+4EC5 "仅" */
    0x0, 0x86, 0xcc, 0x3, 0xff, 0x82, 0x88, 0x5,
    0x44, 0xf1, 0x80, 0x77, 0x28, 0x5d, 0xa6, 0x75,
    0xc0, 0x6, 0x24, 0x93, 0xb0, 0xdd, 0xc4, 0x60,
    0x1a, 0x0, 0x41, 0xc0, 0x80, 0x22, 0xc0, 0x9,
    0x14, 0x2, 0x21, 0x40, 0x2, 0x2, 0x0, 0x6,
    0x94, 0x3, 0x26, 0x0, 0x39, 0x40, 0x21, 0x7b,
    0x0, 0xde, 0xa2, 0x25, 0xe0, 0xd, 0x20, 0x1c,
    0xa3, 0x30, 0x48, 0x1, 0xff, 0x43, 0xb4, 0x0,
    0x7f, 0xf0, 0x10, 0x0, 0x80, 0x1f, 0xf1, 0xe1,
    0x9b, 0xcc, 0x3, 0xf9, 0xf1, 0x33, 0xb, 0x90,
    0x1, 0xe7, 0xd8, 0x85, 0x0, 0x2d, 0xdd, 0xc2,
    0x0, 0x30, 0x67, 0xc7, 0x0, 0xd1, 0x92, 0x20,

    /* U+4ED6 "他" */
    0x0, 0xff, 0xe3, 0x8e, 0x98, 0x5, 0xac, 0x1,
    0xf9, 0x8, 0x80, 0x10, 0x98, 0x7, 0xe9, 0x61,
    0x72, 0x0, 0xff, 0x11, 0xd0, 0x4b, 0x80, 0x63,
    0x80, 0xd, 0x0, 0x20, 0x60, 0x14, 0xf6, 0x38,
    0x4, 0x6a, 0x1, 0xbb, 0x4d, 0xea, 0xc0, 0x37,
    0xb0, 0x57, 0x10, 0xf1, 0xf2, 0x0, 0x80, 0x4d,
    0x1, 0xb4, 0x5e, 0x60, 0x10, 0x80, 0x6a, 0x10,
    0x74, 0x0, 0xc6, 0x9e, 0x40, 0x1f, 0xfc, 0x3,
    0xf0, 0xe0, 0xf, 0xfe, 0xd, 0xd1, 0x8, 0x7,
    0xfb, 0xd0, 0x0, 0x5c, 0x60, 0x1e, 0x1c, 0x21,
    0x32, 0x25, 0x89, 0x80, 0x61, 0x8, 0x4c, 0xce,
    0x4b, 0x0,

    /* U+4EEC "们" */
    0x0, 0xff, 0xe3, 0x17, 0x19, 0x38, 0x7, 0xf9,
    0x4c, 0xc3, 0xa, 0x2, 0x38, 0x3, 0x55, 0x81,
    0xb5, 0x87, 0xf7, 0x4a, 0x0, 0x42, 0x70, 0x28,
    0xa0, 0xde, 0xe0, 0x88, 0x1, 0x0, 0x16, 0xaa,
    0x1, 0x88, 0x80, 0x25, 0x30, 0xf, 0xfe, 0x0,
    0xda, 0x80, 0x7f, 0xf0, 0x52, 0x40, 0x3f, 0xf8,
    0x3, 0x40, 0x1f, 0xff, 0xf0, 0xf, 0xe6, 0x91,
    0x70, 0xf, 0x9c, 0x2, 0x15, 0x73,

    /* U+4EF6 "件" */
    0x0, 0xc2, 0x1, 0xff, 0xc2, 0x2e, 0x20, 0x9,
    0x3c, 0x3, 0xf5, 0x19, 0x23, 0x0, 0x7f, 0x85,
    0xe4, 0x36, 0x80, 0x3f, 0xd2, 0x8, 0x8, 0xa6,
    0x40, 0x67, 0x8, 0x0, 0x9c, 0x0, 0x64, 0x9d,
    0x1, 0xdc, 0xd5, 0x0, 0x7a, 0x0, 0x21, 0x77,
    0x54, 0x1b, 0xae, 0x40, 0x31, 0x90, 0x37, 0x80,
    0xf, 0xe3, 0xc0, 0x1, 0xe1, 0x0, 0x7f, 0xf0,
    0x57, 0xff, 0x58, 0x7f, 0xe4, 0x0, 0xcb, 0xdd,
    0xac, 0x3b, 0xb2, 0x0, 0x70, 0x8e, 0x0, 0x8,
    0xe0, 0xf, 0xff, 0x39, 0x70, 0x80, 0x64, 0xf0,
    0xe,

    /* U+4EFD "份" */
    0x0, 0xc2, 0x1, 0xff, 0xc2, 0x2e, 0x40, 0x1,
    0x81, 0x68, 0x7, 0xca, 0x48, 0x7, 0x84, 0x52,
    0x0, 0x7a, 0x6c, 0x1, 0x66, 0x40, 0xbc, 0x1,
    0xcc, 0x2c, 0x0, 0x69, 0x0, 0x72, 0x88, 0x4,
    0x30, 0x1, 0x41, 0xa8, 0x1, 0xe, 0xc0, 0x2b,
    0x0, 0x8d, 0xe4, 0x3, 0x72, 0xb0, 0x1a, 0xd8,
    0x16, 0x95, 0xf7, 0x6c, 0x39, 0x33, 0x73, 0x0,
    0xbe, 0x68, 0xde, 0x60, 0x62, 0xcc, 0x4, 0x0,
    0x72, 0x24, 0x8, 0x44, 0x7, 0x40, 0xf, 0xc6,
    0x2, 0x1, 0x8, 0x7, 0xf2, 0x20, 0x3, 0xff,
    0x82, 0x33, 0xc0, 0x1, 0x3, 0x0, 0xf8, 0xf1,
    0x14, 0x5a, 0x4, 0x40, 0x1f, 0x53, 0xd0, 0xd,
    0x95, 0x0, 0x71, 0xf8, 0x4d, 0x0, 0x5b, 0x68,
    0x1, 0x0,

    /* U+4EFF "仿" */
    0x0, 0xff, 0xe4, 0x69, 0x80, 0xf, 0x40, 0x3f,
    0x94, 0x88, 0x0, 0x33, 0x40, 0x7, 0xe8, 0x70,
    0x11, 0xa3, 0x84, 0x70, 0x4, 0x85, 0x95, 0xdd,
    0x4c, 0xbb, 0xb2, 0x0, 0x24, 0x1, 0x7f, 0x81,
    0xff, 0xe4, 0x8, 0x0, 0xff, 0xe1, 0xb, 0xc8,
    0x6, 0x70, 0xff, 0xe2, 0x1, 0xd4, 0x0, 0xc2,
    0x5d, 0xd5, 0x1, 0x0, 0x8, 0x3, 0x8d, 0x84,
    0x60, 0xf, 0xfb, 0xc8, 0x2, 0x31, 0x0, 0xfe,
    0x4f, 0x0, 0x84, 0xc0, 0x3f, 0x19, 0x20, 0x5,
    0xec, 0x1, 0xfa, 0x10, 0x80, 0x21, 0x10, 0x7,
    0xd0, 0x90, 0x0, 0x47, 0x71, 0x0, 0x7d, 0xec,
    0x60, 0x2, 0x85, 0x90, 0xe, 0xf4, 0x79, 0x0,
    0x9b, 0xec, 0x40, 0x0,

    /* U+4F1A "会" */
    0x0, 0xf8, 0x40, 0x3f, 0xf8, 0x75, 0x80, 0x1f,
    0xfc, 0x17, 0x52, 0x40, 0xf, 0xf9, 0xa7, 0x6a,
    0x88, 0x1, 0xfd, 0x10, 0xd3, 0x4b, 0xb3, 0x80,
    0x78, 0xad, 0x70, 0xc0, 0xb, 0x95, 0xa8, 0x0,
    0x19, 0xd1, 0x5e, 0xcc, 0xdf, 0x9, 0x7a, 0x22,
    0x3a, 0xab, 0xff, 0xc9, 0x3b, 0x2, 0x14, 0xa0,
    0x46, 0x7e, 0x10, 0x25, 0x0, 0x1f, 0xf7, 0x7f,
    0xbc, 0x40, 0x7, 0xdd, 0x91, 0xfb, 0xbc, 0x20,
    0x10, 0x80, 0x1d, 0x70, 0x12, 0x0, 0x2, 0x1,
    0xe6, 0x8b, 0x50, 0x3, 0xb8, 0x3, 0xe8, 0x86,
    0x20, 0x1, 0x62, 0xe, 0x1, 0xce, 0xe1, 0xcf,
    0xed, 0xcb, 0x38, 0x50, 0xc, 0xd7, 0xbf, 0xee,
    0xdd, 0x66, 0x1d, 0xc0, 0x0,

    /* U+4F4E "低" */
    0x0, 0xff, 0xe3, 0xbe, 0x0, 0x7c, 0x64, 0x1,
    0xd8, 0xa2, 0xac, 0xf3, 0x7d, 0x92, 0x1, 0x85,
    0x28, 0xab, 0xfc, 0xb, 0x9f, 0x60, 0x19, 0x80,
    0xc0, 0x13, 0x14, 0x4, 0x1, 0xe9, 0x0, 0xff,
    0xe1, 0x38, 0x7, 0x8, 0x80, 0x46, 0x21, 0x2,
    0x89, 0x0, 0xdf, 0xed, 0xf, 0xf6, 0x40, 0x14,
    0x20, 0x6, 0xee, 0x87, 0x7b, 0x92, 0x0, 0x70,
    0xf, 0xc4, 0xc0, 0x1f, 0xfc, 0x25, 0xd0, 0xf,
    0xfe, 0x4, 0x16, 0x28, 0x7, 0xfd, 0xc, 0xa,
    0x48, 0xa, 0x1, 0xe7, 0x6, 0x91, 0x6, 0x90,
    0xa3, 0x0, 0xe1, 0x16, 0x7e, 0x8c, 0x87, 0x9,
    0x80, 0x72, 0xf9, 0x42, 0x10, 0x63, 0x68, 0x0,

    /* U+4F4F "住" */
    0x0, 0xff, 0xe3, 0xa6, 0x98, 0x1, 0x74, 0x3,
    0xfb, 0x4c, 0xc0, 0x7, 0x25, 0x0, 0xf8, 0x59,
    0x86, 0x86, 0x32, 0xc6, 0x64, 0x20, 0xa, 0x2,
    0xe2, 0xb7, 0x53, 0xbb, 0x55, 0x0, 0x4, 0xc0,
    0xb, 0xee, 0x86, 0x3b, 0xa8, 0x0, 0x79, 0x80,
    0x7f, 0xf0, 0x50, 0xf8, 0x3, 0xff, 0x82, 0x9e,
    0x60, 0x1, 0xff, 0x86, 0x7f, 0xd6, 0x1, 0x8,
    0x4, 0x39, 0x8d, 0x18, 0xdc, 0x90, 0xf, 0xc6,
    0x62, 0x1, 0x23, 0x20, 0xf, 0xfe, 0xd9, 0x9e,
    0xe, 0x33, 0xc0, 0x1e, 0xec, 0xc8, 0x5f, 0x33,
    0x8, 0x7, 0x6f, 0xff, 0xf0, 0x80,

    /* U+4F53 "体" */
    0x0, 0x9a, 0x40, 0x37, 0x20, 0x7, 0xed, 0x10,
    0xc, 0x60, 0x1f, 0x85, 0x2c, 0x3, 0xff, 0x82,
    0xc0, 0x7d, 0xbb, 0x15, 0x6e, 0xd6, 0x1, 0x48,
    0x86, 0xfc, 0x90, 0x82, 0xff, 0xa4, 0x0, 0xe2,
    0x0, 0x32, 0x21, 0x99, 0x10, 0x45, 0x0, 0xc4,
    0x0, 0x35, 0x58, 0x79, 0x20, 0x4, 0x34, 0x80,
    0x12, 0x93, 0x80, 0xcc, 0x80, 0x32, 0x80, 0x45,
    0x50, 0x1, 0x38, 0xd8, 0x7, 0x8f, 0x15, 0x80,
    0x36, 0xae, 0x90, 0x6, 0xa4, 0x9d, 0xc2, 0x9c,
    0x9f, 0x52, 0x0, 0xd3, 0x45, 0x3e, 0x37, 0xf4,
    0x30, 0x1, 0xf0, 0xa1, 0x81, 0x19, 0x0, 0x7f,
    0xf0, 0x44, 0x3, 0x80,

    /* U+4F60 "你" */
    0x0, 0x86, 0x88, 0x6, 0x8, 0x3, 0xf9, 0xd4,
    0xc1, 0x1c, 0x3, 0xfd, 0x70, 0x21, 0x26, 0xc8,
    0x9c, 0x1, 0x31, 0x38, 0x29, 0x84, 0x46, 0xa8,
    0x0, 0xc, 0x0, 0x50, 0xd9, 0x9c, 0x14, 0x0,
    0xd3, 0x0, 0x51, 0xc8, 0x2e, 0x81, 0x99, 0x80,
    0x5a, 0x40, 0x1f, 0xa0, 0x1c, 0x7a, 0x0, 0x1a,
    0x70, 0x2, 0x9b, 0x18, 0x5, 0x24, 0x1, 0xf8,
    0xe5, 0x40, 0x23, 0xe0, 0xf, 0x87, 0x95, 0x80,
    0x2b, 0x28, 0x0, 0xf6, 0x8d, 0x0, 0x61, 0xb7,
    0x30, 0xe, 0x9d, 0x0, 0xf2, 0xd1, 0x80, 0x72,
    0x88, 0x93, 0xc0, 0x32, 0x80, 0x7f, 0x5b, 0xc0,
    0x7, 0xc7, 0xe0, 0x10, 0xfe, 0xa8, 0x7, 0x0,

    /* U+4F8B "例" */
    0x0, 0x91, 0x40, 0x3f, 0x13, 0x80, 0x6e, 0xf8,
    0x99, 0xa8, 0x2, 0x18, 0x0, 0x85, 0x7b, 0x49,
    0x3f, 0x45, 0x44, 0x4, 0x2, 0x60, 0x45, 0x27,
    0x67, 0xa, 0x50, 0xe, 0x91, 0x0, 0x29, 0x91,
    0x0, 0xe, 0x1, 0xa0, 0x40, 0x23, 0x4f, 0xd3,
    0x0, 0xe3, 0x77, 0x0, 0x18, 0x77, 0x80, 0x80,
    0x38, 0xee, 0xc0, 0x8, 0x60, 0x61, 0x0, 0xf9,
    0x0, 0xa, 0x63, 0x9c, 0x80, 0x1f, 0xe5, 0xc9,
    0x54, 0xc0, 0xf, 0xf8, 0x43, 0x1, 0xc4, 0x40,
    0x1f, 0xf4, 0x28, 0x8b, 0x8c, 0x3, 0xfa, 0x8a,
    0x0, 0x3f, 0xc2, 0x2b, 0x5b, 0x20, 0x1, 0x57,
    0x18, 0x4, 0xe0, 0x22, 0xb4, 0x0, 0x89, 0xc6,
    0x0,

    /* U+4FA7 "侧" */
    0x0, 0x15, 0x98, 0x7, 0xe9, 0x30, 0x2, 0x21,
    0xee, 0xf8, 0x2, 0x67, 0x0, 0x52, 0xba, 0xff,
    0xb5, 0x42, 0x44, 0x40, 0x2, 0x3e, 0x0, 0x30,
    0x28, 0x1, 0x80, 0x34, 0x3, 0x80, 0x1e, 0x80,
    0x3e, 0x35, 0x10, 0xc, 0x60, 0x1f, 0x23, 0x18,
    0x6, 0x10, 0xf, 0x9e, 0x40, 0x3f, 0xf8, 0xe4,
    0xc0, 0x20, 0x1f, 0xc2, 0xfa, 0x62, 0xc0, 0x1f,
    0xc5, 0x29, 0xed, 0x22, 0x6, 0x1, 0xf2, 0x8,
    0xac, 0xc7, 0xc8, 0x3, 0xe8, 0x47, 0x5e, 0x0,
    0xfe, 0x83, 0x80, 0xb2, 0x51, 0x91, 0x70, 0x1,
    0xb8, 0x39, 0x80, 0xe2, 0x8a, 0x29, 0x80,

    /* U+4FE1 "信" */
    0x0, 0xff, 0xe3, 0xae, 0x0, 0x6e, 0x30, 0xf,
    0xde, 0xc0, 0x19, 0x94, 0x3, 0xf2, 0xf6, 0xff,
    0xcf, 0x3f, 0xf8, 0x40, 0xc, 0xd, 0x9d, 0xff,
    0xee, 0xe0, 0x80, 0x2c, 0x0, 0x2a, 0x89, 0xf0,
    0x80, 0x18, 0xc0, 0x2e, 0xef, 0xc2, 0x3, 0x12,
    0x1, 0x45, 0xdf, 0xa4, 0x40, 0x8, 0xe0, 0x17,
    0xe6, 0x7c, 0x40, 0x34, 0x1, 0xb7, 0x7e, 0xe2,
    0x0, 0xfa, 0xfb, 0xbe, 0x0, 0xfe, 0x9e, 0xed,
    0x82, 0x1, 0xff, 0xcd, 0x8f, 0xfd, 0xa0, 0x1f,
    0xcf, 0x1f, 0xfb, 0x0, 0x38, 0x80, 0x2c, 0x70,
    0xc, 0x7e, 0x0,

    /* U+505A "做" */
    0x0, 0xca, 0x1, 0xe3, 0x0, 0xf9, 0x2c, 0x17,
    0x0, 0x5, 0x8c, 0x1, 0xee, 0x90, 0xe, 0x41,
    0x60, 0xe, 0x25, 0x50, 0x98, 0x8, 0x69, 0x3b,
    0xc0, 0x14, 0x81, 0xf4, 0x9f, 0x3a, 0x5f, 0xc0,
    0x80, 0x15, 0x0, 0x1f, 0x47, 0xfc, 0x6f, 0x62,
    0xc0, 0xb, 0x80, 0xf, 0x21, 0x8b, 0x98, 0x5,
    0xac, 0x0, 0xda, 0x3f, 0x82, 0x52, 0x10, 0x8,
    0xc0, 0x23, 0xcf, 0x21, 0x7c, 0xf5, 0x0, 0xff,
    0xe0, 0x62, 0x2f, 0x80, 0x7e, 0x53, 0x30, 0x39,
    0x99, 0xc0, 0x3f, 0x54, 0x8, 0x0, 0x40, 0x3f,
    0x93, 0xaf, 0x47, 0xdd, 0xbd, 0x40, 0x3d, 0x44,
    0x15, 0x76, 0x99, 0xbc, 0x2, 0x1f, 0x10, 0xa,
    0x39, 0x40, 0xf, 0x40,

    /* U+50CF "像" */
    0x0, 0x84, 0x3, 0x10, 0x7, 0xfa, 0x74, 0x0,
    0xfa, 0x40, 0x1f, 0xc8, 0xa0, 0x50, 0x51, 0x54,
    0x20, 0xe, 0x23, 0xa1, 0xc5, 0xe9, 0x27, 0x20,
    0xe, 0xa1, 0xc, 0x11, 0x44, 0x18, 0x2e, 0xc4,
    0x1, 0x30, 0x12, 0x8f, 0x48, 0x37, 0xca, 0x88,
    0x2, 0x0, 0x28, 0x6, 0x26, 0xc2, 0x20, 0x4,
    0x2f, 0x0, 0x11, 0x77, 0x94, 0xee, 0x8c, 0x0,
    0x38, 0x80, 0x17, 0x38, 0x36, 0xe9, 0x78, 0xc0,
    0x6, 0x1, 0x5e, 0x6c, 0x34, 0x6a, 0x0, 0x7e,
    0x8c, 0xec, 0xa7, 0x56, 0x30, 0xf, 0xab, 0x3f,
    0xd6, 0x38, 0xea, 0x1, 0xf6, 0xe7, 0xce, 0xa8,
    0xf5, 0xb8, 0x7, 0xb3, 0x3, 0xa6, 0xa2, 0x7a,
    0x60, 0x10, 0x88, 0x27, 0xe1, 0xbd, 0x50, 0xd,
    0x0, 0x23, 0xf0, 0x11, 0x3, 0xe5, 0x80, 0x70,

    /* U+5148 "先" */
    0x0, 0xc2, 0x0, 0x77, 0x0, 0x7f, 0x9b, 0x88,
    0x37, 0x80, 0x3f, 0xda, 0xa4, 0x1, 0xff, 0xc0,
    0x24, 0x5f, 0xf2, 0xb7, 0xfe, 0x40, 0xd, 0x5,
    0xbb, 0x22, 0xee, 0xb3, 0x8, 0x1, 0xa, 0x41,
    0x14, 0x26, 0x44, 0x33, 0x0, 0x65, 0xa6, 0x33,
    0x84, 0x8c, 0xf2, 0x20, 0x6, 0xa9, 0xba, 0xcc,
    0x2a, 0xb3, 0x76, 0xab, 0x1, 0xee, 0xc8, 0xbd,
    0xc1, 0xbe, 0xeb, 0xc0, 0x3c, 0xba, 0x1, 0xff,
    0xc1, 0x61, 0x50, 0xf, 0xfe, 0x1, 0x43, 0x10,
    0x7, 0x9d, 0xc0, 0x13, 0x6a, 0xc8, 0x6, 0xc2,
    0x25, 0x60, 0x2, 0x64, 0xf6, 0x1, 0x99, 0x9b,
    0xa0, 0x80, 0x4, 0xec, 0x0, 0x74, 0x7f, 0xda,
    0x60,

    /* U+5171 "共" */
    0x0, 0xff, 0x8, 0x7, 0xfb, 0xdc, 0x0, 0x7c,
    0x60, 0x1f, 0xe1, 0x0, 0xc2, 0x1, 0xe1, 0x0,
    0xff, 0x8, 0x4, 0x9d, 0xfe, 0x9, 0xff, 0x60,
    0x6f, 0xf2, 0x80, 0x13, 0xfe, 0x9, 0xff, 0x60,
    0x6f, 0xf9, 0x40, 0x3f, 0xfa, 0xa5, 0xbb, 0x82,
    0x37, 0x5c, 0x1f, 0xbb, 0x9, 0x7f, 0xed, 0xcf,
    0xfb, 0x7f, 0xf0, 0x81, 0x16, 0x9a, 0x22, 0x3f,
    0x9, 0x14, 0x1, 0x8f, 0x57, 0x40, 0xc, 0x19,
    0x20, 0x18, 0xab, 0x1b, 0xd4, 0x0, 0x79, 0x2d,
    0xc6, 0x0, 0x47, 0xab, 0x10, 0xe, 0x6d, 0x26,
    0x0, 0x36, 0xa8, 0x7, 0xe2, 0xc5, 0x0,

    /* U+5173 "关" */
    0x0, 0xff, 0xe2, 0xc3, 0x80, 0x47, 0xa4, 0x1,
    0xed, 0x83, 0x0, 0x50, 0x10, 0x7, 0x95, 0x14,
    0x0, 0xd0, 0x1, 0xd9, 0x93, 0xd6, 0x68, 0x4e,
    0x62, 0x0, 0x13, 0x11, 0x8a, 0xae, 0x22, 0xb0,
    0x2, 0xa2, 0x60, 0x34, 0x4c, 0x60, 0x1f, 0xfc,
    0x31, 0x1f, 0x1, 0x17, 0x18, 0xdf, 0xff, 0xc,
    0xe6, 0x6d, 0x6a, 0xee, 0xd6, 0x3, 0xfd, 0xd9,
    0xc0, 0x30, 0xc3, 0xae, 0x88, 0x7, 0xc3, 0xa3,
    0x14, 0x38, 0x60, 0x1c, 0xde, 0xfa, 0x3, 0x83,
    0x96, 0xa2, 0xfd, 0x10, 0xb1, 0x0, 0xe, 0x42,
    0xd3, 0x2c, 0xf3, 0x0, 0x79, 0xfa, 0x9c,

    /* U+517C "兼" */
    0x0, 0xff, 0xe4, 0x16, 0x88, 0x0, 0xf4, 0x80,
    0x3c, 0x20, 0x40, 0xe0, 0x8, 0x72, 0x1, 0x10,
    0x2, 0x3f, 0xb8, 0x73, 0xdc, 0x44, 0x77, 0x3e,
    0x80, 0x11, 0xdd, 0x68, 0xf7, 0x3, 0xfb, 0xab,
    0x0, 0x9f, 0xfd, 0x83, 0xfe, 0xe, 0xff, 0x18,
    0x6, 0x7f, 0xf6, 0xf, 0xf8, 0x3b, 0xc4, 0x3,
    0x21, 0x9c, 0xa2, 0x66, 0x5, 0x31, 0x54, 0x0,
    0x4f, 0xfd, 0x61, 0xfe, 0x8, 0xf0, 0xb9, 0x10,
    0xdc, 0xcb, 0x87, 0x30, 0x1b, 0x83, 0xda, 0x20,
    0x7, 0xff, 0x60, 0xff, 0x83, 0xbc, 0x40, 0x39,
    0xfd, 0x88, 0x7f, 0xc0, 0x6d, 0xe6, 0x1, 0xc6,
    0xd6, 0x1, 0xbd, 0x9c, 0x3, 0x8f, 0x5d, 0x40,
    0x31, 0x54, 0x48, 0x4, 0xf8, 0x90, 0x1, 0xe5,
    0x96, 0xc0, 0x0, 0xc5, 0x0, 0x4, 0x2, 0x30,
    0x6c, 0xe0,

    /* U+5185 "内" */
    0x0, 0xff, 0xe4, 0x56, 0x0, 0x7f, 0xf0, 0x54,
    0x3, 0xc2, 0x67, 0xc2, 0x67, 0xe1, 0x5c, 0xee,
    0xc8, 0x8e, 0xed, 0x8e, 0x0, 0xcd, 0xd8, 0xe3,
    0x77, 0x1, 0x80, 0x78, 0xcc, 0x1, 0xff, 0x30,
    0x41, 0x80, 0x7f, 0xc, 0x35, 0x63, 0x80, 0x7c,
    0x38, 0x72, 0xf7, 0x14, 0x1, 0xc7, 0xe1, 0x80,
    0x4, 0xc1, 0x10, 0x6, 0x3c, 0xc0, 0x80, 0x47,
    0x62, 0x1, 0xc4, 0x20, 0x1f, 0xfc, 0x73, 0x50,
    0x11, 0x0, 0x7f, 0x75, 0x22, 0xab, 0xc4, 0x3,
    0xed, 0xfb, 0x10,

    /* U+518D "再" */
    0x0, 0xff, 0xe2, 0xdf, 0xff, 0xff, 0x0, 0xc0,
    0x15, 0xdd, 0xc5, 0x1d, 0xdc, 0x60, 0x1, 0x1f,
    0x0, 0x8f, 0x80, 0x31, 0x7f, 0x74, 0x53, 0xdd,
    0x78, 0x7, 0x18, 0x6f, 0x70, 0xa7, 0xb9, 0x40,
    0x1f, 0xfc, 0xcc, 0xff, 0x14, 0xff, 0xac, 0x3,
    0xf6, 0x7f, 0x8a, 0x7f, 0xd6, 0x1, 0x84, 0x40,
    0x1f, 0xfc, 0x1, 0x13, 0x77, 0x3, 0x3f, 0xc5,
    0x3f, 0xeb, 0xf, 0xe6, 0x7f, 0xe0, 0xcf, 0xff,
    0x58, 0x7f, 0x9c, 0x3, 0xff, 0x9c, 0xbc, 0x1,
    0xe3, 0x0, 0xfb, 0x91, 0xc0, 0x38, 0xbc, 0xc0,
    0x3a, 0xfa, 0x0, 0x20,

    /* U+51C6 "准" */
    0x0, 0xf0, 0xc9, 0x1d, 0x0, 0x79, 0xc8, 0x2,
    0x76, 0x32, 0x7a, 0x0, 0xed, 0xc2, 0x0, 0x52,
    0x0, 0x27, 0x4, 0x84, 0x1, 0x49, 0x82, 0x86,
    0xbf, 0xeb, 0x8f, 0xcb, 0x0, 0xa9, 0x86, 0x2,
    0x3b, 0x81, 0x7d, 0xca, 0x0, 0xd0, 0xe6, 0x2,
    0x30, 0x18, 0x90, 0x7, 0x86, 0x6, 0x7f, 0xc1,
    0x1f, 0x86, 0x1, 0x9d, 0x9c, 0x23, 0xb8, 0x17,
    0xdc, 0x30, 0x9, 0x64, 0x3, 0xff, 0x85, 0x2c,
    0x1, 0x4f, 0xf8, 0x2b, 0xfc, 0x60, 0x3, 0x35,
    0x0, 0x53, 0xfe, 0xa, 0xff, 0x18, 0x3, 0xd0,
    0x80, 0x3f, 0xf8, 0x2, 0x5c, 0x1, 0xa7, 0xfc,
    0x15, 0xff, 0x10, 0xfa, 0x80, 0x68, 0xdd, 0xf6,
    0x10, 0x8, 0x7, 0x9, 0x17, 0x8c, 0x0,

    /* U+51E0 "几" */
    0x0, 0xd9, 0xff, 0xe0, 0xf, 0xf2, 0xe6, 0x4e,
    0x20, 0x1f, 0xe2, 0x33, 0xb8, 0x3, 0xff, 0xdc,
    0x5c, 0x1, 0xff, 0xc2, 0x12, 0x0, 0xff, 0xe0,
    0xa0, 0x28, 0x7, 0xff, 0x7, 0xd0, 0x40, 0x3f,
    0x18, 0x4, 0x88, 0xe0, 0xf, 0xc7, 0x88, 0x7,
    0x6a, 0xa0, 0xe, 0x16, 0x49, 0x5, 0x3c, 0x2b,
    0x0, 0xe7, 0x39, 0xb4, 0x81, 0x39, 0xc1, 0x0,
    0xe1, 0xcf, 0xf7, 0x38, 0x0,

    /* U+522B "别" */
    0x0, 0xff, 0xe0, 0xfa, 0x0, 0x3f, 0xfc, 0x40,
    0x18, 0x40, 0x35, 0x6e, 0xc0, 0x17, 0x28, 0x7,
    0x84, 0x88, 0x60, 0x11, 0x80, 0x7d, 0xd3, 0x28,
    0x0, 0xff, 0x39, 0xa9, 0x83, 0x18, 0x7, 0xe8,
    0x92, 0xd9, 0x90, 0x80, 0x7c, 0xab, 0x7, 0xaa,
    0x90, 0x3, 0xe9, 0x88, 0xa, 0xc4, 0x28, 0x3,
    0xec, 0xdc, 0xf, 0xde, 0x0, 0x18, 0x7, 0xc8,
    0x24, 0xe, 0x60, 0x1f, 0xd0, 0xc0, 0x1d, 0x88,
    0x1, 0x87, 0xe, 0x40, 0x6, 0x20, 0x42, 0x2,
    0x5, 0xe5, 0x82, 0x5f, 0x16, 0x0, 0xae, 0x5,
    0x28, 0xf2, 0x2, 0x9d, 0x70, 0x7, 0x4e, 0x88,

    /* U+5230 "到" */
    0x0, 0xff, 0xe0, 0xfb, 0x7, 0x7f, 0xfc, 0x20,
    0x10, 0x80, 0x3f, 0xb0, 0x6f, 0xba, 0x1e, 0x50,
    0x1, 0x80, 0x8a, 0x4d, 0x5e, 0x4, 0x0, 0x20,
    0x1c, 0xc9, 0x82, 0x4c, 0x80, 0x1f, 0x54, 0xa3,
    0x46, 0x8d, 0x8, 0x7, 0x8c, 0xc1, 0x4b, 0xd6,
    0x44, 0x0, 0xf4, 0xe5, 0x3b, 0x3a, 0xe1, 0x80,
    0x78, 0xd5, 0x42, 0xea, 0xa4, 0x0, 0xf9, 0x3b,
    0xd4, 0xbf, 0xb0, 0x3, 0xe7, 0xba, 0x45, 0xab,
    0x80, 0x10, 0xf, 0xf1, 0x23, 0x96, 0xa0, 0x4,
    0x33, 0x78, 0xa9, 0xb3, 0x80, 0x40, 0x1, 0x1,
    0x51, 0xbb, 0x6f, 0xed, 0x90, 0x57, 0x3, 0x6,
    0x53, 0xa1, 0x0, 0x77, 0xce, 0x18,

    /* U+5236 "制" */
    0x0, 0xde, 0xe0, 0x1f, 0x6a, 0x84, 0x58, 0x8,
    0x80, 0x3e, 0x30, 0x2, 0xbb, 0xe, 0x33, 0x41,
    0x88, 0x1, 0x21, 0x2f, 0x83, 0x7f, 0xc0, 0x40,
    0x1c, 0xf3, 0x21, 0xa9, 0x98, 0x3, 0xc4, 0x33,
    0x21, 0xd9, 0x98, 0x80, 0x38, 0xbf, 0xe0, 0x1f,
    0xf8, 0xc0, 0x39, 0x19, 0xa1, 0xc6, 0x68, 0x40,
    0x3d, 0xbd, 0xc1, 0x8e, 0xe8, 0x3, 0xe3, 0x8f,
    0x19, 0xfb, 0x10, 0x10, 0xf, 0x18, 0x80, 0x8c,
    0x1, 0xff, 0xc1, 0x3e, 0x0, 0x7a, 0x0, 0x61,
    0x0, 0xcc, 0x8e, 0x1, 0x8, 0xc1, 0xea, 0x2,
    0xb, 0xd0, 0x0, 0x8f, 0x55, 0x0, 0x6f, 0x60,
    0xe, 0x8e, 0xa1,

    /* U+524D "前" */
    0x0, 0xe4, 0x0, 0xe4, 0x0, 0xfc, 0x56, 0xc0,
    0x12, 0x59, 0x80, 0x7c, 0x51, 0x80, 0x17, 0xb1,
    0x80, 0x45, 0xb9, 0x95, 0xb6, 0x64, 0x88, 0xcc,
    0xa0, 0xa7, 0xff, 0xf6, 0x77, 0xfa, 0x2c, 0x11,
    0x91, 0x38, 0x8c, 0xe1, 0x84, 0x30, 0x7, 0x58,
    0x3, 0xe0, 0xd3, 0x40, 0x8, 0x1, 0x85, 0x1d,
    0xd2, 0x6, 0x6, 0x1, 0xf9, 0xb7, 0x58, 0x1,
    0xff, 0xc0, 0x7c, 0xc7, 0x80, 0x7f, 0xf0, 0x9,
    0x12, 0x0, 0xff, 0xe0, 0x3e, 0x64, 0x0, 0x10,
    0xf, 0xe4, 0x99, 0x58, 0x1, 0x2c, 0x3, 0xff,
    0x84, 0x2a, 0x1, 0xfe, 0x5a, 0x0, 0xcf, 0xc0,
    0x1c, 0x20, 0x6, 0x77, 0x8, 0x0, 0x82, 0x40,
    0x0,

    /* U+52A8 "动" */
    0x0, 0xff, 0x3a, 0x80, 0x7f, 0xf0, 0xb3, 0x0,
    0x1c, 0xbb, 0xbb, 0x90, 0x2, 0xe0, 0xe, 0x49,
    0xee, 0xa9, 0x88, 0x81, 0xc4, 0x50, 0x0, 0x50,
    0xce, 0x44, 0x6e, 0x23, 0x66, 0x34, 0x85, 0x13,
    0xc5, 0xfc, 0x91, 0xde, 0x4, 0x4f, 0xf5, 0x53,
    0xfe, 0x0, 0x38, 0x81, 0x80, 0xe, 0xec, 0x77,
    0x78, 0x0, 0x44, 0x1, 0x0, 0xc6, 0x65, 0x48,
    0x0, 0x85, 0x81, 0xc4, 0x2, 0x96, 0x6, 0x73,
    0x3, 0x2, 0x0, 0xe3, 0x59, 0x16, 0x2f, 0xb,
    0x40, 0x0, 0x98, 0x3, 0x83, 0xb9, 0xe, 0x6a,
    0xdc, 0x0, 0x31, 0x0, 0x4d, 0x6f, 0xe5, 0x53,
    0x89, 0x40, 0x1c, 0xe0, 0x4, 0x52, 0x0, 0xbd,
    0x38, 0x22, 0xdf, 0x0, 0x3f, 0x1d, 0x90, 0x69,
    0xdb, 0x80,

    /* U+52FF "勿" */
    0x0, 0xca, 0xe0, 0x1f, 0xfc, 0x19, 0xe0, 0xf,
    0xfe, 0x2, 0x1d, 0x11, 0x7e, 0x10, 0xa, 0x43,
    0x37, 0x7f, 0x40, 0x2, 0x43, 0xbd, 0x5b, 0xf0,
    0x3f, 0xc7, 0xc1, 0xd, 0xc2, 0xb, 0x40, 0xa4,
    0x0, 0x21, 0x1, 0xb3, 0x9, 0x43, 0xc, 0x40,
    0x0, 0x90, 0x4a, 0x3, 0x32, 0x40, 0xb, 0xa0,
    0x20, 0xc0, 0x14, 0xc6, 0x10, 0x41, 0x20, 0x10,
    0x18, 0x17, 0x17, 0x98, 0x1b, 0xc8, 0x1, 0x80,
    0x40, 0xbe, 0xc4, 0xb, 0x5d, 0x0, 0x6, 0x40,
    0x10, 0x80, 0x13, 0x1e, 0x0, 0x2e, 0x60, 0xc,
    0x55, 0x73, 0x20, 0x17, 0x73, 0x10, 0x6, 0x33,
    0x6b, 0x80, 0x6, 0xe5, 0x6c, 0x0,

    /* U+5355 "单" */
    0x0, 0xff, 0xe3, 0xb3, 0x80, 0x45, 0xa8, 0x1,
    0xf2, 0x41, 0x0, 0x2c, 0xd4, 0x3, 0xc2, 0x6c,
    0xc1, 0x26, 0x90, 0x10, 0xc, 0x5d, 0xc6, 0xbe,
    0xd0, 0x8e, 0xe1, 0x80, 0x77, 0x7f, 0x86, 0xff,
    0xdc, 0x1, 0xf2, 0x24, 0x6, 0x89, 0x0, 0x7d,
    0xdf, 0xe1, 0xbf, 0xf7, 0x0, 0x7d, 0x57, 0x61,
    0x8b, 0xb5, 0x0, 0x7d, 0xdf, 0xe1, 0xbf, 0xf7,
    0x0, 0x71, 0x7f, 0xe1, 0xaf, 0xfc, 0x60, 0x4,
    0x33, 0xe0, 0x23, 0x3f, 0x15, 0x6e, 0xf0, 0xce,
    0xef, 0x41, 0x77, 0x78, 0x6b, 0xbb, 0xac, 0x3,
    0xff, 0x94, 0x22, 0x0, 0xf0,

    /* U+5361 "卡" */
    0x0, 0xfb, 0xdc, 0x3, 0xff, 0x86, 0x20, 0x1f,
    0xfc, 0x39, 0xee, 0xd8, 0x1, 0xfe, 0x7d, 0xdd,
    0xe0, 0x1f, 0xee, 0x33, 0xe0, 0x8, 0xc8, 0xb8,
    0x38, 0x8b, 0x8c, 0x4b, 0x37, 0x78, 0x1f, 0x77,
    0xb1, 0x8b, 0xff, 0xc1, 0x3f, 0xfe, 0x70, 0xf,
    0xe8, 0x20, 0xf, 0xfe, 0x8, 0xa6, 0xb8, 0x7,
    0xff, 0x0, 0x72, 0x21, 0x82, 0x1, 0xff, 0xc0,
    0x7b, 0x27, 0x0, 0xff, 0xe0, 0xa7, 0xb0, 0x7,
    0xf8, 0x40, 0x21, 0x0, 0xfe, 0x10, 0xf0, 0xf,
    0x80,

    /* U+5370 "印" */
    0x0, 0x89, 0xac, 0x3, 0xf1, 0xe7, 0x6d, 0x9,
    0x9b, 0xff, 0x91, 0xcf, 0xfd, 0x94, 0x60, 0xe,
    0xe8, 0x3, 0x8, 0x7, 0x84, 0x60, 0xf, 0xfe,
    0x36, 0xed, 0xc2, 0x1, 0xfd, 0xff, 0x68, 0x80,
    0x7f, 0x11, 0x46, 0x1, 0xff, 0xc1, 0x10, 0xf,
    0xf8, 0x67, 0x80, 0x3e, 0x70, 0x4, 0x72, 0xd8,
    0x6, 0x7f, 0x2, 0x30, 0x4b, 0xc4, 0x0, 0xcb,
    0x5c, 0x2f, 0x58, 0x80, 0x1e, 0x25, 0x10, 0x2,
    0x80, 0x7f, 0xf0, 0x0,

    /* U+53C9 "叉" */
    0x0, 0xff, 0xe2, 0xcf, 0xff, 0xfc, 0x40, 0x15,
    0xe2, 0x23, 0x77, 0xc8, 0x24, 0x1, 0x11, 0xea,
    0x10, 0xd9, 0x14, 0xae, 0x1, 0xe7, 0x5, 0x6,
    0x50, 0x31, 0xa0, 0xf, 0xa, 0x71, 0xb5, 0x84,
    0x91, 0x80, 0x7d, 0xe8, 0x51, 0xa4, 0xb0, 0x1,
    0xf9, 0xa, 0x44, 0xe0, 0x94, 0x3, 0xfa, 0x51,
    0x56, 0x90, 0xf, 0xf2, 0x2d, 0xd9, 0xd0, 0x3,
    0xfe, 0xd1, 0x16, 0x0, 0x7f, 0x8e, 0xe2, 0xb,
    0x74, 0x80, 0x1e, 0x5b, 0xc0, 0xd7, 0xab, 0x7b,
    0xea, 0x61, 0x2f, 0xa0, 0xbb, 0x10, 0x1, 0x36,
    0xd1, 0x74, 0x4a, 0xfa, 0xd0, 0x3, 0xc9, 0x5f,
    0x40,

    /* U+53D1 "发" */
    0x0, 0xfa, 0x10, 0x10, 0xc0, 0x3d, 0x90, 0x0,
    0x72, 0xc, 0xd2, 0x0, 0xe3, 0xb0, 0x30, 0x70,
    0x85, 0xf0, 0xc, 0xa4, 0x60, 0xa4, 0x20, 0xa,
    0xe0, 0xd, 0x65, 0xfe, 0x92, 0xff, 0xbb, 0x3e,
    0x0, 0x1b, 0x9b, 0xa0, 0xae, 0xee, 0xd9, 0x0,
    0x19, 0x89, 0x9, 0x44, 0x78, 0x84, 0x3, 0xa0,
    0xbf, 0xfb, 0x80, 0x3d, 0x20, 0x3d, 0xff, 0x1c,
    0x80, 0x73, 0x33, 0x5e, 0x80, 0xc, 0x2e, 0x1,
    0x9a, 0x64, 0x72, 0xd2, 0x91, 0xe0, 0x1a, 0x65,
    0x4c, 0x0, 0xf6, 0xba, 0x20, 0xd, 0xd8, 0xa0,
    0x6, 0xf2, 0x24, 0xb0, 0x80, 0x4e, 0x6f, 0x7f,
    0x51, 0xba, 0xbb, 0x76, 0xb8, 0x4, 0x59, 0xb8,
    0xa0, 0x6, 0xdd, 0x52, 0x0,

    /* U+53E3 "口" */
    0x5f, 0xff, 0xf3, 0x0, 0xf7, 0x7e, 0x20, 0x8,
    0x47, 0xf0, 0x7, 0xff, 0xfc, 0x4, 0x7f, 0x0,
    0x43, 0xdd, 0xf8, 0x80, 0x3, 0xff, 0xf8, 0x84,

    /* U+53E6 "另" */
    0x0, 0x77, 0xff, 0xf2, 0x80, 0x69, 0xee, 0xf8,
    0x40, 0x3c, 0x23, 0xf0, 0x7, 0x84, 0x8b, 0xe0,
    0xe, 0x39, 0xcc, 0x6e, 0xb3, 0x20, 0xe, 0xde,
    0xe8, 0x63, 0xbb, 0x28, 0x0, 0x88, 0x23, 0x80,
    0x47, 0x81, 0x77, 0x5d, 0xd0, 0x47, 0x77, 0x12,
    0xff, 0xeb, 0xe, 0xff, 0xb0, 0x8, 0x3, 0xb8,
    0xc4, 0x2, 0x61, 0x0, 0xe7, 0x58, 0x0, 0xc4,
    0x60, 0x11, 0x5c, 0x4a, 0x0, 0x6d, 0x70, 0x3c,
    0xd6, 0xb6, 0x0, 0xd, 0xea, 0xf8, 0x1b, 0x4e,
    0xa0, 0x4, 0x24, 0x96, 0xa0,

    /* U+53EA "只" */
    0x0, 0xbb, 0xff, 0xf8, 0x3, 0xd1, 0xdd, 0xe9,
    0x10, 0xf, 0x84, 0x7c, 0x1, 0xff, 0xe2, 0x10,
    0xf, 0x47, 0xff, 0xa4, 0x3, 0xd9, 0xb9, 0xbb,
    0xf0, 0x7, 0x10, 0x70, 0x11, 0x7, 0xc0, 0x80,
    0x38, 0x7c, 0x48, 0x0, 0x63, 0x84, 0x1, 0xda,
    0x1a, 0x1, 0xb4, 0xb0, 0x80, 0x2c, 0x1c, 0x10,
    0xc, 0x3a, 0x78, 0x41, 0x85, 0xe2, 0x1, 0xe1,
    0xf0, 0xb0, 0xec, 0x20, 0xf, 0xc5, 0x92,

    /* U+53ED "叭" */
    0x0, 0xff, 0x8, 0x7, 0xfd, 0x6, 0x18, 0xe0,
    0x11, 0xff, 0xe2, 0x6, 0x60, 0x8, 0x80, 0x30,
    0xff, 0x84, 0x0, 0x62, 0x0, 0x30, 0xf, 0xf9,
    0xc1, 0xcc, 0x3, 0xfc, 0x62, 0x2, 0x20, 0xf,
    0xf0, 0x98, 0x1f, 0x80, 0x7f, 0x10, 0x8, 0x71,
    0x0, 0x70, 0x88, 0x0, 0xe6, 0x0, 0x34, 0x0,
    0xc3, 0xdc, 0x10, 0xc4, 0x0, 0x20, 0x98, 0x4,
    0x3f, 0xe1, 0x13, 0x58, 0x4, 0x92, 0x1, 0xee,
    0xb2, 0x30, 0xb, 0xd4, 0xc0, 0xa8, 0x0, 0x8f,
    0x20, 0x19, 0xf, 0x80, 0x50, 0x6, 0x99, 0x0,
    0x3b, 0xc0, 0x80, 0x21, 0xc9, 0x0, 0xf1, 0xe9,
    0x0,

    /* U+53EF "可" */
    0x5f, 0xee, 0xff, 0xe0, 0x6a, 0x66, 0x7f, 0x81,
    0xb3, 0xc4, 0xc8, 0xbf, 0x83, 0xc8, 0x80, 0x1,
    0xff, 0xee, 0x0, 0xff, 0x67, 0x72, 0x44, 0x3,
    0xfc, 0x23, 0x18, 0x7, 0xff, 0x38, 0x46, 0x30,
    0xf, 0xfb, 0x3b, 0x92, 0x1, 0xff, 0x6f, 0xfb,
    0x10, 0x3, 0xf0, 0xd9, 0x0, 0xe, 0xc0, 0x3f,
    0x90, 0x3, 0xc2, 0x20, 0xf, 0xfe, 0x7, 0xf0,
    0x20, 0x7, 0xfd, 0x54, 0xe3, 0x0, 0x0,

    /* U+53F3 "右" */
    0x0, 0xf0, 0xea, 0x0, 0x7f, 0xf0, 0x14, 0x98,
    0x3, 0xff, 0x81, 0x82, 0x40, 0x1f, 0x7f, 0xf3,
    0x8f, 0xff, 0xb8, 0x37, 0x75, 0x85, 0xee, 0xfb,
    0x0, 0x8b, 0x69, 0xa1, 0x17, 0xc0, 0x18, 0x9b,
    0xc0, 0x3f, 0xf8, 0x1c, 0x19, 0xff, 0xe4, 0x0,
    0xd0, 0x6b, 0xbb, 0xd8, 0x1, 0xd0, 0xe2, 0x64,
    0x5e, 0x0, 0xd2, 0xf0, 0xa0, 0x1f, 0xe2, 0x77,
    0x80, 0x3f, 0xe2, 0xf8, 0x0, 0x12, 0xaf, 0x38,
    0x6, 0x10, 0x9, 0x66, 0x7a, 0x80, 0x3f, 0x3e,
    0x67, 0x68, 0x4,

    /* U+53F7 "号" */
    0x0, 0x9f, 0xff, 0xf4, 0x0, 0x7c, 0x7f, 0xfe,
    0x40, 0xf, 0xfe, 0x61, 0xff, 0xf9, 0x0, 0x3e,
    0x7f, 0xff, 0xd0, 0x1, 0xb7, 0x33, 0xff, 0x81,
    0xa0, 0x9, 0xff, 0x51, 0xff, 0xfe, 0x90, 0x2,
    0x19, 0xb8, 0xcf, 0xf9, 0x0, 0x39, 0xb, 0x77,
    0xd6, 0x1, 0xf7, 0xef, 0x77, 0x30, 0x7, 0xe3,
    0x3f, 0x80, 0x80, 0x3f, 0xf8, 0x4b, 0xc0, 0x1f,
    0xe2, 0x55, 0x40, 0xa0, 0x7, 0xfd, 0x54, 0x48,
    0x30, 0xf, 0xf1, 0x7f, 0xb1, 0xc0, 0x30,

    /* U+540C "同" */
    0x6f, 0xff, 0xfe, 0x3, 0x0, 0xe6, 0x7f, 0x84,
    0xc0, 0x6, 0x2, 0x3e, 0x3, 0x0, 0xec, 0xdd,
    0xf6, 0x8, 0x7, 0x7f, 0xfe, 0x10, 0xf, 0x11,
    0x78, 0x3, 0xf7, 0xe7, 0xfb, 0x30, 0x1, 0xfd,
    0x7b, 0xaa, 0x30, 0xf, 0xfe, 0x9, 0x80, 0x7f,
    0x57, 0xfa, 0xc0, 0x3f, 0xb3, 0xbb, 0x78, 0x7,
    0xe1, 0x1f, 0x0, 0x7f, 0xf0, 0x96, 0xc4, 0x60,
    0xf, 0xe6, 0x43, 0x57, 0xe0, 0xf, 0xc7, 0xf8,
    0x20,

    /* U+540D "名" */
    0x0, 0xff, 0xe3, 0x9e, 0x90, 0x7, 0xfd, 0x2,
    0x40, 0x1f, 0xe6, 0x43, 0xff, 0xf1, 0x80, 0x49,
    0x35, 0xff, 0xb8, 0xa0, 0xc0, 0xd, 0x73, 0xb6,
    0x20, 0xa, 0x67, 0x0, 0xb2, 0x5a, 0x5f, 0xd3,
    0x1e, 0xc0, 0x35, 0x30, 0xe, 0x2d, 0xbe, 0x0,
    0x7e, 0x29, 0x48, 0xb0, 0xf, 0x92, 0xb5, 0x82,
    0x3f, 0xf8, 0x27, 0xe8, 0x4b, 0xff, 0xd4, 0x0,
    0xab, 0xee, 0x0, 0x7e, 0x10, 0x34, 0x0, 0xff,
    0xe2, 0x17, 0xff, 0xa8, 0x3, 0xc5, 0xff, 0xea,
    0x10, 0xc, 0x60, 0x1f, 0xfc, 0x16, 0xd0, 0xf,
    0x2f, 0x80,

    /* U+540E "后" */
    0x0, 0xff, 0x85, 0x8, 0x2, 0x14, 0x42, 0xbc,
    0x56, 0x77, 0x2e, 0x40, 0x24, 0xb8, 0xed, 0x1d,
    0x9a, 0xdf, 0xb0, 0xe, 0xcb, 0xa9, 0x75, 0x42,
    0x0, 0xf8, 0xcf, 0xf9, 0x10, 0x1, 0xb7, 0x7f,
    0xaa, 0x80, 0x3, 0x1e, 0xef, 0xf8, 0x0, 0x24,
    0x4, 0x5f, 0xc0, 0x17, 0x38, 0x66, 0x7d, 0xb8,
    0x1, 0x29, 0x80, 0x2f, 0xbb, 0xa8, 0xc0, 0x23,
    0xc0, 0xf, 0xfe, 0x3, 0x2, 0x0, 0x7f, 0xc3,
    0xc, 0x1, 0x57, 0xff, 0x50, 0x5, 0x10, 0x0,
    0xab, 0xff, 0xa8, 0xc0, 0x58, 0x40, 0x1e, 0xa0,
    0x1c, 0xbc, 0x0,

    /* U+542C "听" */
    0x0, 0xfc, 0x26, 0xb1, 0x41, 0xbf, 0xf7, 0x6,
    0x6d, 0x4e, 0x7e, 0x9, 0xcf, 0x48, 0x80, 0x2e,
    0xd5, 0x2e, 0xc2, 0x66, 0x13, 0x10, 0x70, 0xf,
    0xfe, 0x7b, 0xcf, 0xff, 0x68, 0x7, 0xd3, 0xfe,
    0x2a, 0xec, 0x0, 0xf0, 0x98, 0x6, 0x11, 0x0,
    0x78, 0xc0, 0x3f, 0x57, 0xd0, 0x0, 0x5c, 0x3,
    0xea, 0xfb, 0x34, 0x2, 0x0, 0xf5, 0xb8, 0x26,
    0xfa, 0x0, 0x7c, 0xc4, 0x0, 0x34, 0xe0, 0xf,
    0xf0, 0xe9, 0xa8, 0x4, 0x60, 0x1f, 0x2f, 0x0,
    0x71, 0x80, 0x70, 0xd9, 0x0, 0x6e, 0x60, 0x0,

    /* U+5440 "呀" */
    0x0, 0xff, 0xe2, 0x99, 0xe1, 0x8f, 0xff, 0xb0,
    0xb, 0x3b, 0x98, 0xb1, 0xdd, 0xa4, 0x7b, 0x40,
    0x2c, 0xd0, 0x9, 0x78, 0xc4, 0x0, 0x22, 0x0,
    0xfc, 0x66, 0x20, 0xf, 0xfe, 0xc, 0xd8, 0x88,
    0x0, 0x23, 0x0, 0x78, 0x86, 0x3b, 0x92, 0x3d,
    0xc9, 0x0, 0xf1, 0x67, 0x31, 0xc8, 0xff, 0xa0,
    0x2, 0x10, 0x8, 0xc5, 0xa8, 0x3, 0xee, 0xe0,
    0x6, 0x91, 0x60, 0xf, 0xbb, 0xc0, 0x41, 0x1a,
    0x0, 0x3f, 0xca, 0x27, 0x68, 0xc0, 0x1f, 0x20,
    0x85, 0xe, 0x15, 0x80, 0x7c, 0x56, 0x0, 0x18,
    0x2c, 0x1, 0xbb, 0x18, 0x7, 0xc3, 0x98, 0x10,
    0x11, 0x3c, 0x80, 0x40,

    /* U+548C "和" */
    0x0, 0xf8, 0x80, 0x3f, 0x91, 0x5e, 0xb7, 0x46,
    0x1, 0xfa, 0x65, 0x89, 0x1a, 0x62, 0x89, 0xc0,
    0xd, 0xcf, 0x35, 0x20, 0x5b, 0x88, 0x4d, 0x80,
    0x7f, 0x87, 0x31, 0x22, 0x15, 0xfe, 0xb2, 0xff,
    0x80, 0x3e, 0xaf, 0xf2, 0x97, 0xfc, 0x1, 0xfc,
    0x4a, 0x10, 0xc0, 0x1f, 0xe8, 0x10, 0xe9, 0x30,
    0xf, 0xc8, 0xb0, 0xc, 0x9c, 0x1, 0xf0, 0xd4,
    0x10, 0x2, 0x60, 0x0, 0x66, 0x20, 0x6, 0xab,
    0x80, 0x44, 0xa0, 0x3f, 0xeb, 0x0, 0x7d, 0x0,
    0x7c, 0x39, 0x89, 0x10, 0x31, 0x1, 0x30, 0x9,
    0x6c, 0x0, 0xb6,

    /* U+5587 "喇" */
    0x0, 0xf8, 0xfc, 0x3, 0xbd, 0x40, 0x3f, 0x8,
    0x7, 0x8, 0x2f, 0xfc, 0xdf, 0xec, 0x1f, 0xf3,
    0x79, 0x80, 0x4, 0x3c, 0xcd, 0xfe, 0xc1, 0xff,
    0x30, 0x8, 0x7, 0xd5, 0xbc, 0x3b, 0xa2, 0x0,
    0xfe, 0x6b, 0x91, 0xf2, 0x10, 0xf, 0xf1, 0xb8,
    0x10, 0x7, 0xff, 0x3, 0xec, 0x5c, 0x3, 0xf1,
    0x88, 0x51, 0x20, 0x7b, 0x90, 0x7, 0xbc, 0x8d,
    0xa4, 0x87, 0x6c, 0x40, 0x40, 0x36, 0x20, 0xe,
    0x18, 0x16, 0x96, 0x98, 0x0, 0x40, 0x16, 0xbe,
    0xdc, 0xe, 0xc8, 0x40, 0x12, 0xf8, 0xf, 0xa5,
    0x80, 0x84, 0x30, 0xb0, 0x88, 0x2, 0x1c, 0xa0,
    0x70, 0xe, 0x86, 0x40,

    /* U+56DE "回" */
    0x3f, 0xff, 0xfe, 0x0, 0x80, 0x3b, 0xbf, 0xb4,
    0x3, 0x8, 0xff, 0x0, 0x7d, 0xdf, 0xfb, 0x80,
    0x3f, 0xaf, 0xfd, 0x60, 0x1f, 0xfd, 0xa9, 0xcc,
    0x48, 0x80, 0x7e, 0xa9, 0x88, 0x4d, 0x80, 0x7e,
    0x44, 0xf0, 0x7, 0xff, 0x23, 0xff, 0xfb, 0x40,
    0x37, 0xff, 0xf6, 0x80, 0xf, 0xc0, 0x3f, 0x8b,
    0x84,

    /* U+5728 "在" */
    0x0, 0xf2, 0x58, 0x80, 0x7f, 0xf0, 0x75, 0x84,
    0x3, 0xf1, 0x2a, 0x24, 0xee, 0x44, 0xf8, 0x0,
    0xf3, 0x10, 0x91, 0x68, 0x8f, 0x80, 0xb, 0x99,
    0x3a, 0xe6, 0x16, 0xb3, 0x30, 0x7, 0x12, 0xc0,
    0x1, 0x78, 0x3, 0xf3, 0x7c, 0x90, 0x7, 0xfc,
    0x50, 0xcf, 0xdb, 0xa3, 0x6d, 0xd7, 0x0, 0x47,
    0x82, 0x43, 0x5d, 0xc3, 0x7e, 0xe5, 0x0, 0xb,
    0x11, 0x80, 0x8, 0x66, 0x1, 0x33, 0x20, 0x0,
    0xae, 0x80, 0x3f, 0xf8, 0x48, 0x1, 0xff, 0xc7,
    0x22, 0xc0, 0x24, 0x51, 0x80, 0x63, 0x8, 0xff,
    0x85, 0x3f, 0xed, 0x0, 0xe3, 0xad, 0xdf, 0xdc,
    0x0,

    /* U+5730 "地" */
    0x0, 0x1f, 0x8, 0x6, 0x2f, 0x10, 0xf, 0x84,
    0x0, 0x2a, 0x1, 0xff, 0xc2, 0x3a, 0x0, 0xff,
    0xe3, 0x93, 0x5a, 0x0, 0xe7, 0x6, 0xd8, 0x0,
    0xa8, 0x33, 0x50, 0x0, 0x33, 0x61, 0x3b, 0x41,
    0xa8, 0x1d, 0x60, 0x19, 0x54, 0x9, 0xca, 0x1d,
    0xc0, 0xf, 0xfa, 0x3c, 0x4, 0x3, 0x9c, 0x3,
    0xff, 0x82, 0x20, 0x1f, 0xfc, 0x27, 0xe2, 0x30,
    0xe, 0x6d, 0x0, 0xe4, 0xad, 0x0, 0xc, 0x70,
    0x65, 0x80, 0x46, 0xe4, 0xa1, 0x44, 0x27, 0x5d,
    0x6c, 0x60, 0x81, 0x22, 0x27, 0x50, 0x5, 0xb8,
    0x80, 0x5, 0x6f, 0xbb, 0x4b, 0x90,

    /* U+5757 "块" */
    0x0, 0xfe, 0x20, 0xf, 0xc7, 0xe0, 0x18, 0xb4,
    0x40, 0x3f, 0xf9, 0xf5, 0x9c, 0x1b, 0x9e, 0xa0,
    0x2, 0xed, 0xd, 0xca, 0xce, 0xd, 0xc1, 0x10,
    0x0, 0xbe, 0x83, 0x34, 0x3, 0xfe, 0x17, 0x1,
    0x10, 0x7, 0xff, 0xc, 0xd1, 0xe, 0x8, 0x80,
    0x35, 0x0, 0xf5, 0xf7, 0x24, 0x2f, 0x93, 0x78,
    0x3, 0xdb, 0x75, 0x62, 0x17, 0x54, 0xb0, 0x1,
    0xd8, 0x7f, 0x0, 0x2a, 0x12, 0x40, 0x32, 0x62,
    0xc7, 0x58, 0xc0, 0x34, 0x3a, 0x0, 0x49, 0x9a,
    0xe2, 0x10, 0xfe, 0x5, 0x36, 0x80, 0x11, 0x80,
    0x6, 0xde, 0xc8, 0x0, 0xd1, 0x72, 0x1, 0xf6,
    0xa0, 0x6, 0x7a, 0xe0,

    /* U+58F0 "声" */
    0x0, 0xf9, 0x7c, 0x3, 0xe6, 0xff, 0xea, 0xf,
    0xfe, 0xd0, 0x6e, 0xff, 0xd4, 0x3f, 0xfb, 0xb0,
    0x2, 0x21, 0x18, 0xc0, 0x46, 0x23, 0x10, 0x2,
    0x67, 0xfd, 0x1, 0xff, 0x66, 0x0, 0x25, 0xee,
    0xff, 0x80, 0x23, 0xff, 0xff, 0x70, 0x7, 0x67,
    0x72, 0x87, 0xba, 0x90, 0xf, 0x84, 0x40, 0x1,
    0x18, 0xc0, 0x33, 0x87, 0x6e, 0xac, 0x77, 0x6b,
    0x0, 0xc4, 0x3f, 0xf6, 0x6f, 0xfd, 0x22, 0x1,
    0x6a, 0x11, 0x7e, 0x6c, 0x0, 0x22, 0x24, 0x3,
    0xf0, 0x98, 0xd, 0x29, 0x80, 0x7f, 0xc3, 0x56,
    0x1, 0xff, 0xc0,

    /* U+58F3 "壳" */
    0x0, 0xf4, 0x60, 0x7, 0xc2, 0x44, 0x11, 0xc0,
    0x23, 0x88, 0x80, 0xf9, 0x8f, 0xf9, 0x8f, 0xff,
    0x67, 0x83, 0x77, 0x73, 0xa7, 0x77, 0x68, 0x1,
    0x32, 0xee, 0x55, 0x5d, 0xe9, 0x0, 0x97, 0xe2,
    0x2e, 0xd8, 0x8d, 0x40, 0x6, 0xfd, 0xdf, 0xfe,
    0x0, 0x5, 0x99, 0xfe, 0x83, 0x3, 0x52, 0x20,
    0xb3, 0x71, 0x11, 0x50, 0x16, 0xc0, 0x1f, 0x31,
    0x15, 0x90, 0x1d, 0x0, 0x70, 0xc6, 0x63, 0x80,
    0xc0, 0x3e, 0x22, 0x30, 0x7, 0xc8, 0x0, 0x38,
    0xc4, 0x30, 0xc, 0xa4, 0xb6, 0x88, 0xc6, 0x9b,
    0x0, 0x88, 0x97, 0xb4, 0xc8, 0x8d, 0xe7, 0x0,
    0xed, 0xff, 0xa4, 0x0,

    /* U+5929 "天" */
    0x0, 0xff, 0xe3, 0x5f, 0xff, 0xf8, 0xc0, 0x34,
    0xe6, 0x62, 0x7c, 0xcc, 0x60, 0x18, 0x8c, 0xf0,
    0x71, 0x9e, 0x0, 0xff, 0xe4, 0x5f, 0x77, 0x14,
    0xf7, 0x74, 0x0, 0x3e, 0xab, 0x40, 0x15, 0x57,
    0x80, 0x8, 0x9c, 0x22, 0x26, 0x44, 0xc4, 0x1,
    0xf4, 0xc9, 0x24, 0x3, 0xfe, 0x81, 0x69, 0x47,
    0x0, 0xfe, 0x67, 0x91, 0x28, 0x82, 0x0, 0x7d,
    0x32, 0x76, 0x0, 0x3b, 0x5c, 0x0, 0x66, 0xe6,
    0xa8, 0x0, 0xd3, 0x27, 0xe9, 0x3, 0x84, 0xd5,
    0x0, 0xf3, 0x73, 0xf0, 0x1f, 0x51, 0x0, 0x7e,
    0x19, 0x70,

    /* U+5931 "失" */
    0x0, 0xf9, 0x54, 0x1, 0xfe, 0x22, 0x0, 0x3f,
    0xc0, 0x1f, 0xeb, 0xe0, 0x8, 0xc0, 0x3f, 0xcf,
    0x64, 0x41, 0x32, 0x28, 0xc8, 0x3, 0x38, 0xce,
    0x61, 0x17, 0x32, 0xda, 0x0, 0x86, 0x6b, 0xba,
    0x47, 0xee, 0xd0, 0x1, 0x32, 0xa8, 0x2, 0x7f,
    0x0, 0xfc, 0x7c, 0x89, 0x87, 0x91, 0x38, 0xc0,
    0x11, 0x31, 0x18, 0x9a, 0x23, 0xac, 0x1, 0x99,
    0xd4, 0x22, 0x9c, 0xcd, 0x0, 0x1e, 0x18, 0x85,
    0xd1, 0x80, 0x7f, 0x16, 0x23, 0x2b, 0xe3, 0x80,
    0x7c, 0xfa, 0xf4, 0x0, 0x89, 0x8e, 0x83, 0x0,
    0x47, 0x44, 0x28, 0x3, 0x37, 0x23, 0xc0, 0x3,
    0x5b, 0x9c, 0x3, 0xc3, 0x5d, 0x40,

    /* U+5934 "头" */
    0x0, 0xfc, 0x5a, 0x60, 0x1f, 0x97, 0x90, 0x0,
    0x24, 0x40, 0xf, 0xcb, 0x37, 0x42, 0x0, 0x10,
    0xf, 0xe7, 0xc6, 0x0, 0xff, 0xe, 0xb8, 0x1e,
    0xb, 0x80, 0x7e, 0x1a, 0x8d, 0x30, 0x0, 0x90,
    0x7, 0xe7, 0xe6, 0x60, 0x0, 0xc4, 0x3, 0xe5,
    0x45, 0xf1, 0x44, 0x60, 0x22, 0x65, 0x10, 0xaa,
    0xf9, 0x4a, 0xab, 0x59, 0x7, 0xf7, 0x76, 0x6,
    0x77, 0x71, 0x80, 0x7d, 0xec, 0x10, 0x1, 0xfe,
    0x2d, 0x19, 0x16, 0xe4, 0x0, 0xfa, 0x35, 0x30,
    0xf, 0x9a, 0xe8, 0x2, 0x39, 0xf5, 0xb9, 0x0,
    0xd1, 0x69, 0x60, 0x3, 0x35, 0x6a, 0x0, 0x79,
    0x3e, 0x80,

    /* U+597D "好" */
    0x0, 0x96, 0x0, 0x3f, 0xf8, 0x58, 0x60, 0x1,
    0x44, 0xf8, 0x3, 0x16, 0x80, 0xf, 0xff, 0xae,
    0x80, 0x8, 0x6a, 0x6, 0x62, 0xbb, 0xc2, 0x2d,
    0x0, 0x4f, 0xd, 0x76, 0x10, 0x0, 0x70, 0x7c,
    0xc0, 0x1b, 0x49, 0x92, 0x4, 0x0, 0x53, 0xb1,
    0x0, 0xd7, 0xa1, 0x88, 0x23, 0x0, 0x4, 0x60,
    0x1, 0x1b, 0x82, 0x6f, 0xf7, 0x2c, 0x3b, 0xa7,
    0x4, 0x4, 0x23, 0x7e, 0xff, 0x60, 0x7f, 0xce,
    0xd, 0x54, 0xc5, 0x10, 0xf, 0xf9, 0x64, 0x58,
    0x40, 0x3f, 0xe3, 0x89, 0xf, 0x20, 0xf, 0xe5,
    0xc8, 0x6c, 0x25, 0x0, 0x30, 0x7, 0x1d, 0x4b,
    0x0, 0x31, 0xc7, 0xe9, 0x40, 0x31, 0xf3, 0x0,
    0x70, 0xd6, 0x50, 0x6,

    /* U+59CB "始" */
    0x0, 0xff, 0xe3, 0x26, 0x80, 0x75, 0xa8, 0x7,
    0xc4, 0x20, 0x18, 0xd1, 0x80, 0x3e, 0xe5, 0x0,
    0xd2, 0xc6, 0x8, 0x1, 0x25, 0xb2, 0x5d, 0x84,
    0xd2, 0x1, 0x6c, 0xc0, 0xf, 0x82, 0xa6, 0x81,
    0xd6, 0x20, 0xad, 0xa2, 0x6, 0xe1, 0x16, 0x32,
    0x57, 0xdf, 0xc8, 0x1a, 0x0, 0x42, 0x5, 0x55,
    0x4e, 0xff, 0xbb, 0x7e, 0x0, 0x18, 0x81, 0x86,
    0x4e, 0x26, 0x45, 0x1a, 0x0, 0x10, 0x41, 0x2c,
    0x33, 0x77, 0xc2, 0x0, 0xa6, 0xc0, 0x30, 0x19,
    0xff, 0xb0, 0x4, 0x0, 0xde, 0x60, 0x40, 0x1f,
    0xfc, 0x4, 0x16, 0xd3, 0x0, 0xff, 0x15, 0xc4,
    0x24, 0x82, 0x7f, 0xec, 0x0, 0x8b, 0x15, 0x81,
    0x84, 0x23, 0xba, 0xb0, 0x8, 0xd6, 0x80, 0x30,
    0x8f, 0x38, 0x8, 0xd, 0x88, 0x6, 0xd6, 0x0,
    0x8f, 0xc4, 0x0,

    /* U+5B57 "字" */
    0x0, 0xff, 0xe4, 0x26, 0x0, 0x7f, 0xf0, 0x54,
    0x64, 0x3, 0xe4, 0xff, 0xdc, 0x4d, 0xff, 0xca,
    0x0, 0x1f, 0xff, 0xf1, 0x0, 0x1d, 0x0, 0x84,
    0x7e, 0x5, 0x60, 0x3a, 0x5d, 0xee, 0xf9, 0x60,
    0xc0, 0x25, 0xff, 0xe8, 0x8, 0x50, 0xf, 0xe2,
    0xca, 0xd7, 0x0, 0xc2, 0x42, 0x3a, 0x8f, 0xcc,
    0x46, 0x20, 0xad, 0xee, 0xce, 0x1b, 0xdd, 0xb4,
    0xaf, 0xff, 0xa4, 0x7f, 0xfc, 0x40, 0x1f, 0xfd,
    0x63, 0x8a, 0x30, 0xf, 0xf8, 0x55, 0xe4, 0x3,
    0xe0,

    /* U+5B8C "完" */
    0x0, 0xff, 0xe5, 0x16, 0x88, 0x7, 0xe1, 0x1e,
    0x3, 0xa1, 0x1f, 0x0, 0x37, 0xbb, 0x68, 0xa7,
    0x77, 0x78, 0x4, 0xdf, 0xff, 0xea, 0x0, 0x9c,
    0x44, 0x86, 0x7e, 0x40, 0x1, 0x80, 0x2e, 0x12,
    0xb7, 0x7d, 0x44, 0xba, 0x1, 0x97, 0xbb, 0xf1,
    0x0, 0x43, 0xdb, 0xbf, 0xfc, 0xe, 0x11, 0x57,
    0x74, 0xf, 0xd0, 0x51, 0xdd, 0x50, 0x82, 0x19,
    0xc5, 0xa6, 0xe0, 0xe6, 0x72, 0x0, 0x72, 0x2,
    0x0, 0x7f, 0xf0, 0x60, 0xcc, 0x1, 0xe3, 0x70,
    0x8, 0xf4, 0xb8, 0x3, 0x21, 0x12, 0xa4, 0x7,
    0x30, 0x38, 0x40, 0x2, 0x39, 0xdd, 0x35, 0x80,
    0xcd, 0xe1, 0x0, 0x6c, 0xff, 0xca, 0x0,

    /* U+5B9E "实" */
    0x0, 0xff, 0xe3, 0x8f, 0x30, 0x7, 0xfc, 0x2b,
    0x40, 0x1e, 0x4f, 0xfe, 0x43, 0xff, 0xe6, 0x0,
    0x77, 0xfe, 0xef, 0xfc, 0x1, 0x8, 0x95, 0xc0,
    0x5, 0xe6, 0x0, 0x33, 0x27, 0x0, 0xd6, 0xa0,
    0x0, 0x80, 0x18, 0xa0, 0xb2, 0xbb, 0x44, 0xe0,
    0x20, 0x1c, 0xe5, 0xcc, 0xec, 0x24, 0x1, 0xe2,
    0xba, 0x30, 0x1, 0x30, 0x7, 0x77, 0xfa, 0xa9,
    0xfe, 0x84, 0xff, 0xdd, 0x9b, 0xdd, 0xa4, 0x33,
    0x7b, 0x9b, 0x84, 0x41, 0x19, 0x26, 0x49, 0xe8,
    0x24, 0x40, 0x0, 0xb6, 0x55, 0x19, 0x8b, 0x58,
    0x80, 0x99, 0xd0, 0x9c, 0xa0, 0x31, 0xcd, 0x6e,
    0x97, 0x6e, 0x81, 0x0, 0xc3, 0x56, 0xc0,

    /* U+5BB9 "容" */
    0x0, 0xf8, 0x40, 0x3f, 0xf8, 0x45, 0xc8, 0x1,
    0xff, 0xc1, 0x25, 0xd0, 0xf, 0xc7, 0xdd, 0xc8,
    0xfd, 0xdc, 0x80, 0x10, 0xf7, 0x7d, 0xfd, 0xc0,
    0xc, 0x2c, 0x9, 0xca, 0x0, 0x5e, 0x70, 0x96,
    0x0, 0x15, 0x5d, 0x5a, 0xcd, 0xae, 0x5f, 0x11,
    0x0, 0x2b, 0xce, 0x57, 0x67, 0x23, 0xc8, 0x10,
    0xd, 0xe, 0x13, 0x5d, 0x78, 0xc0, 0xc8, 0x1,
    0xcd, 0xc1, 0xa2, 0xfb, 0x5d, 0x4, 0x0, 0x2a,
    0xfb, 0x2, 0xbb, 0xa1, 0xc1, 0x37, 0x0, 0x8e,
    0xf4, 0x7a, 0x23, 0x87, 0xb9, 0xe0, 0x9, 0x40,
    0x3, 0x99, 0xf0, 0x0, 0x4c, 0x3, 0xcc, 0x45,
    0xc0, 0x1f, 0xe8, 0xee, 0xe0, 0xf, 0xf7, 0x66,
    0x77, 0x90, 0x4,

    /* U+5BF9 "对" */
    0x0, 0xff, 0xe0, 0x7a, 0x80, 0x7f, 0xf1, 0xda,
    0x67, 0x80, 0x3f, 0xe1, 0x18, 0xdc, 0x48, 0x46,
    0x3, 0x20, 0x3, 0x44, 0x5a, 0xb7, 0x9f, 0xf0,
    0x46, 0x28, 0x25, 0x0, 0x37, 0x2b, 0xbb, 0x5,
    0xf2, 0x82, 0xbc, 0x82, 0x20, 0x5c, 0x3, 0xf0,
    0xe3, 0xd8, 0x18, 0x42, 0x0, 0x7e, 0x1d, 0x47,
    0x1, 0x78, 0x0, 0xfe, 0x70, 0x61, 0x9, 0x33,
    0x0, 0x7e, 0x98, 0x5a, 0x1, 0xd3, 0x0, 0xfa,
    0x85, 0xed, 0x58, 0x8, 0x3, 0xeb, 0x7d, 0x1,
    0x83, 0x0, 0xe1, 0x0, 0x10, 0x60, 0x80, 0x19,
    0x40, 0x11, 0x80, 0xc0, 0x2, 0xb1, 0x0, 0xfb,
    0x53, 0x8, 0x0,

    /* U+5C4F "屏" */
    0x0, 0x2f, 0xff, 0xfc, 0x1, 0xc5, 0xff, 0xfb,
    0x44, 0x3, 0x9, 0x7f, 0xfe, 0xd1, 0x0, 0xe2,
    0xff, 0x6d, 0x7f, 0xd5, 0xbe, 0x1, 0xc2, 0x0,
    0x7b, 0x10, 0x5, 0xa0, 0x7, 0x8, 0xa, 0xa,
    0xba, 0x38, 0x12, 0x18, 0x4, 0x6e, 0xbf, 0xe4,
    0xaf, 0xc1, 0x88, 0x20, 0x5, 0xc2, 0x97, 0x62,
    0xfb, 0xb0, 0x6e, 0x38, 0x4, 0x7b, 0x9b, 0xa2,
    0xdd, 0x83, 0x37, 0x88, 0x5, 0xf, 0x73, 0x1,
    0xb9, 0x80, 0xfc, 0xf2, 0x6, 0x14, 0x11, 0x20,
    0x98, 0x88, 0xc, 0x44, 0x0, 0x96, 0x0, 0x25,
    0x40, 0x7, 0xf7, 0xc8, 0x15, 0xc3, 0x0, 0x4,
    0xc, 0x3, 0x8, 0x80, 0xbd, 0xc0, 0x21, 0xf2,
    0x0, 0x80,

    /* U+5DE6 "左" */
    0x0, 0xf0, 0x80, 0x7f, 0xf0, 0xef, 0x40, 0x3f,
    0xf8, 0x42, 0xe0, 0x1f, 0xe4, 0x32, 0x23, 0x19,
    0x17, 0x19, 0x80, 0x3, 0x5b, 0x98, 0x27, 0xcc,
    0xed, 0xf0, 0x0, 0xf7, 0x56, 0x1d, 0xdf, 0x60,
    0x7, 0xbd, 0x40, 0x3f, 0xf8, 0x22, 0xb2, 0x1,
    0xff, 0xc1, 0x90, 0xcf, 0xff, 0x58, 0x7, 0x13,
    0xd6, 0xe9, 0x8b, 0x75, 0x92, 0x1, 0xdc, 0xca,
    0x44, 0x10, 0x22, 0x19, 0x0, 0x6a, 0x19, 0x0,
    0xff, 0xe0, 0x5a, 0x78, 0x7, 0xff, 0x7, 0x74,
    0x6, 0x78, 0x40, 0xcf, 0x80, 0xc, 0x71, 0x99,
    0x98, 0xb3, 0x38, 0x40,

    /* U+5DF2 "已" */
    0x0, 0xff, 0xe1, 0x3f, 0xff, 0xfc, 0x0, 0x6c,
    0xdd, 0xfd, 0x20, 0x10, 0x99, 0x17, 0xf0, 0x6,
    0xa6, 0x0, 0xff, 0xe0, 0x27, 0x0, 0x7f, 0xf0,
    0xd, 0xff, 0xfe, 0xb0, 0xe, 0x7e, 0xef, 0xa8,
    0x4, 0x2, 0xf1, 0x1f, 0x97, 0x84, 0x3, 0xff,
    0x80, 0x20, 0x1f, 0xfc, 0x26, 0x20, 0xf, 0xfe,
    0x4, 0x48, 0xd, 0x22, 0x7e, 0x81, 0xd0, 0x80,
    0xab, 0xbf, 0x99, 0x58,

    /* U+5E55 "幕" */
    0x0, 0xee, 0x40, 0x4, 0xc8, 0x3, 0xcf, 0xbb,
    0xc, 0xee, 0x9d, 0xdb, 0xb2, 0x0, 0x1f, 0x76,
    0x19, 0xdd, 0x3b, 0xb7, 0x64, 0x0, 0xd9, 0x83,
    0x8c, 0xc2, 0x23, 0x60, 0x3, 0xc5, 0x3b, 0x99,
    0x6e, 0x9c, 0x40, 0x3e, 0x9b, 0xbf, 0x20, 0x7,
    0xe6, 0xcc, 0xf1, 0x0, 0x7d, 0xbc, 0x50, 0x6,
    0x74, 0x58, 0x6, 0xdd, 0x74, 0xd1, 0x54, 0xd5,
    0xcf, 0xec, 0x80, 0x37, 0x52, 0x2d, 0xb7, 0x6f,
    0x46, 0x9d, 0x90, 0x2b, 0xe8, 0x35, 0xc8, 0x86,
    0xba, 0x57, 0xe8, 0x96, 0xfc, 0x6, 0x61, 0xdd,
    0x98, 0x49, 0xe9, 0x10, 0x61, 0x0, 0xf8, 0x9c,
    0x44, 0x80, 0x19, 0xd4, 0x3, 0xb8, 0xd0, 0x3,
    0xc7, 0x40, 0x1d, 0xbe, 0x40, 0x10,

    /* U+5E94 "应" */
    0x0, 0xff, 0xe5, 0x1f, 0x90, 0x7, 0xff, 0x0,
    0xc2, 0x80, 0x3e, 0x6f, 0xfe, 0x7, 0xff, 0xd6,
    0x1, 0x1f, 0xff, 0xfa, 0xc0, 0x3e, 0x13, 0x0,
    0x84, 0x3, 0x9c, 0x2, 0x6e, 0x0, 0xa7, 0x80,
    0x39, 0x68, 0x1c, 0xd8, 0x0, 0x88, 0x0, 0x84,
    0x4e, 0xa6, 0x13, 0x60, 0x27, 0x20, 0x17, 0x99,
    0x37, 0x83, 0x12, 0xb9, 0x18, 0x4, 0x7c, 0x10,
    0x68, 0x36, 0xb5, 0x40, 0xc, 0xc4, 0x2, 0xd8,
    0x8, 0x66, 0x60, 0x8, 0x88, 0xe0, 0x9, 0x80,
    0x5, 0x28, 0x80, 0x4a, 0x26, 0xca, 0xbc, 0xc6,
    0xab, 0x4, 0xb2, 0xc4, 0x78, 0x92, 0x21, 0x21,
    0x12, 0x9d, 0xbb, 0xfd, 0x80,

    /* U+5EA6 "度" */
    0x0, 0xf9, 0x2c, 0x3, 0xf8, 0x47, 0x81, 0x14,
    0x46, 0x20, 0xd, 0xbd, 0xff, 0x50, 0xdf, 0xfd,
    0x86, 0x1, 0xa7, 0xb8, 0xd5, 0xdc, 0xd4, 0xee,
    0x18, 0x7, 0x8, 0x29, 0x0, 0x1d, 0x40, 0x40,
    0x3d, 0xfc, 0x51, 0xdc, 0xa0, 0xef, 0x40, 0xe,
    0xee, 0x14, 0x77, 0x28, 0x3b, 0x88, 0x1, 0x9,
    0x80, 0x57, 0x74, 0x0, 0x7c, 0x62, 0x3, 0x32,
    0xff, 0x45, 0x80, 0x78, 0x5a, 0x7e, 0xea, 0xb5,
    0xc8, 0x6, 0x20, 0x29, 0xe6, 0x4e, 0xe4, 0xc,
    0x80, 0x64, 0x20, 0xa, 0x5e, 0x16, 0x34, 0x3,
    0xb5, 0x40, 0x34, 0xbd, 0x49, 0x80, 0x62, 0x4a,
    0x46, 0x9d, 0x97, 0x75, 0x7e, 0x5c, 0x81, 0x61,
    0x6, 0x7f, 0x6c, 0x43, 0x75, 0x27, 0xc0,

    /* U+5EA7 "座" */
    0x0, 0xf9, 0xf4, 0x3, 0xff, 0x84, 0x45, 0x0,
    0x4, 0x40, 0x1b, 0x3f, 0xba, 0xb1, 0xce, 0xe7,
    0xf9, 0x80, 0x34, 0x77, 0x6d, 0x6e, 0xec, 0xc0,
    0x1e, 0x6d, 0x6, 0x70, 0x6, 0xa8, 0x7, 0xd4,
    0x80, 0x1, 0x3, 0x27, 0x0, 0xf1, 0x99, 0xc8,
    0x2, 0x90, 0x40, 0xc, 0x22, 0xf4, 0x6c, 0x20,
    0x35, 0x89, 0xa0, 0x8, 0xf8, 0xa6, 0x1c, 0x1,
    0x2a, 0xf9, 0x80, 0x8, 0x6b, 0x1d, 0x37, 0xc7,
    0xbd, 0x19, 0x80, 0x3, 0x2, 0x7e, 0xe9, 0x3,
    0xbf, 0xb8, 0x20, 0x4, 0x20, 0x5b, 0xaa, 0x48,
    0xd5, 0x56, 0x20, 0xa, 0x40, 0x10, 0xf, 0xe1,
    0x1, 0xa, 0x7e, 0xff, 0xa8, 0x7f, 0xf7, 0x10,
    0xe9, 0xbf, 0xff, 0xfc, 0x40,

    /* U+5F00 "开" */
    0x0, 0xff, 0xe3, 0x77, 0xff, 0xfc, 0xc0, 0x16,
    0x6e, 0xa0, 0x77, 0x60, 0x8d, 0xd3, 0x80, 0x44,
    0x50, 0x81, 0x14, 0x4, 0x50, 0x80, 0x7f, 0xf5,
    0x95, 0x12, 0xe1, 0x44, 0x83, 0x51, 0xa, 0x21,
    0x73, 0x28, 0x60, 0x88, 0x81, 0x62, 0x60, 0x83,
    0xb7, 0x58, 0xe9, 0x99, 0x4, 0x66, 0xe8, 0xc0,
    0x39, 0xf0, 0x3, 0xff, 0x82, 0xe2, 0xa0, 0x1f,
    0xfc, 0x4, 0x87, 0x20, 0xf, 0xf0, 0xc5, 0xac,
    0x0, 0x71, 0x80, 0x71, 0x99, 0xe8, 0x3, 0xfe,

    /* U+5F15 "引" */
    0x0, 0xff, 0xe6, 0x73, 0x7, 0xff, 0x98, 0x3,
    0xdd, 0xdc, 0x20, 0x18, 0xc0, 0x2, 0x3c, 0x6,
    0x1, 0xea, 0xdd, 0xc2, 0x60, 0x1e, 0x75, 0xff,
    0xb5, 0xc0, 0x3e, 0xe2, 0x2c, 0x20, 0x1e, 0x30,
    0xf, 0xfe, 0xc, 0xff, 0xe7, 0x0, 0xf7, 0x7f,
    0xe0, 0x20, 0xf, 0xf0, 0x80, 0x80, 0x7f, 0x8c,
    0x18, 0x3, 0xfc, 0xc0, 0x40, 0x11, 0x80, 0x46,
    0xcf, 0x24, 0x1, 0xc2, 0x1, 0x4c, 0x9b, 0x80,
    0x37, 0x38, 0x0, 0xff, 0xac, 0xc0, 0x3c,

    /* U+5F20 "张" */
    0x0, 0xff, 0xe2, 0xff, 0xee, 0x5, 0xf0, 0xa,
    0xd4, 0x2, 0xee, 0x7d, 0x0, 0x4, 0x40, 0x6,
    0x55, 0x0, 0x42, 0x20, 0x10, 0xe, 0x28, 0xa0,
    0xc, 0x46, 0x70, 0x6, 0x1f, 0x64, 0x0, 0xdf,
    0xdf, 0x6a, 0x1, 0x96, 0x0, 0x38, 0xe3, 0x31,
    0x71, 0xc3, 0x21, 0x11, 0x28, 0x0, 0x40, 0x38,
    0xc3, 0xd8, 0xbf, 0xc0, 0x1a, 0xbf, 0xd9, 0x1a,
    0x2e, 0xe2, 0x77, 0x28, 0x3, 0xfe, 0x87, 0x0,
    0xd8, 0xa0, 0x1f, 0xc2, 0x1, 0x94, 0x18, 0x3,
    0xee, 0x30, 0xc, 0x71, 0x26, 0x1, 0xe5, 0xe0,
    0x0, 0xdf, 0xab, 0x62, 0x80, 0x59, 0xe6, 0x81,
    0x80, 0x3a, 0x12, 0xf0, 0x20, 0xf, 0xbe, 0x30,
    0xb9, 0xa1, 0x0, 0x46, 0x88,

    /* U+5F53 "当" */
    0x0, 0xf3, 0xf8, 0x7, 0xcb, 0xa2, 0x0, 0x11,
    0x0, 0x4d, 0xc2, 0xe, 0x54, 0x1, 0xe1, 0x85,
    0x10, 0x29, 0x46, 0x0, 0xed, 0x3a, 0x0, 0x99,
    0x48, 0x3, 0x8, 0x70, 0x80, 0xc, 0xd0, 0xc4,
    0x20, 0x47, 0xc2, 0x40, 0xc, 0xdc, 0xca, 0x43,
    0x33, 0x69, 0x7, 0xf7, 0x7f, 0x68, 0x18, 0x9,
    0x17, 0xf3, 0x80, 0x57, 0xbb, 0xfd, 0x60, 0x15,
    0x7f, 0xff, 0x60, 0x7, 0xff, 0x10, 0xff, 0xff,
    0xd8, 0x0, 0x3d, 0xd7, 0x77, 0xeb, 0x0, 0x88,
    0x82, 0x3f, 0x9c, 0xc,

    /* U+5F85 "待" */
    0x0, 0xd8, 0x60, 0x16, 0x38, 0x7, 0xea, 0x73,
    0x0, 0xc2, 0x1, 0xf4, 0xbd, 0x6, 0x77, 0xe,
    0x7b, 0xec, 0x2, 0xa7, 0xc5, 0x2d, 0xcf, 0x38,
    0xfe, 0xa0, 0xb, 0x30, 0x35, 0x41, 0x21, 0x1,
    0x1c, 0x1, 0x31, 0x51, 0xff, 0x6e, 0x8e, 0x37,
    0x72, 0x80, 0x15, 0x50, 0xdb, 0xdf, 0xb9, 0x67,
    0xfc, 0x80, 0x74, 0x0, 0x13, 0x31, 0x16, 0x2,
    0x31, 0x2c, 0x81, 0x9, 0xff, 0xeb, 0x1f, 0xf1,
    0x12, 0x9c, 0x1, 0x1b, 0x5d, 0xd5, 0xf, 0x69,
    0x2, 0x80, 0x42, 0x14, 0xe2, 0x30, 0x9, 0x0,
    0x7c, 0x4b, 0x22, 0x1, 0xff, 0xc1, 0xb8, 0x10,
    0x10, 0xf, 0xf8, 0x5c, 0xb2, 0x88, 0x3, 0xff,
    0x80, 0x4e, 0xed, 0x0, 0x80,

    /* U+5F88 "很" */
    0x0, 0xca, 0x1, 0xff, 0xc2, 0x6a, 0x64, 0xff,
    0xf2, 0x80, 0x69, 0x95, 0x30, 0x3, 0xbb, 0x8,
    0x80, 0x3, 0xaf, 0x8a, 0xe, 0x6, 0x78, 0x3,
    0xd, 0xf9, 0xcd, 0x0, 0x33, 0x30, 0x80, 0x66,
    0x16, 0x67, 0x0, 0x3b, 0xb0, 0x80, 0x73, 0x4d,
    0x20, 0x3, 0x33, 0x8, 0x80, 0x29, 0x81, 0x10,
    0x5, 0x0, 0x91, 0x6c, 0x0, 0x37, 0xd3, 0x0,
    0xc9, 0x60, 0x85, 0xa2, 0x7, 0xe6, 0x1, 0xe4,
    0x57, 0x98, 0x10, 0x0, 0x80, 0x7c, 0x61, 0x38,
    0xc0, 0x1f, 0xfc, 0x8, 0x2, 0x0, 0xff, 0x97,
    0x15, 0x58, 0x60, 0x1c, 0x60, 0x5, 0xb, 0xb0,
    0x5b, 0x65, 0x0, 0x70, 0x82, 0xa7, 0xb8, 0x2,
    0xe3, 0x80,

    /* U+5FAE "微" */
    0x0, 0xff, 0x84, 0x3, 0xc9, 0x40, 0x8, 0x80,
    0x5, 0xc6, 0x1, 0x86, 0xb4, 0xd7, 0xfc, 0x86,
    0x40, 0x60, 0x1b, 0x51, 0xd7, 0x0, 0x18, 0xa8,
    0x60, 0x18, 0x9a, 0x98, 0x40, 0x2f, 0xc, 0x1a,
    0xa4, 0x81, 0x51, 0x4f, 0x25, 0x54, 0x9, 0x78,
    0xfa, 0x1, 0x4c, 0x4e, 0xee, 0x20, 0x62, 0x64,
    0x0, 0x3a, 0x22, 0x77, 0x77, 0x89, 0x8, 0x80,
    0x9, 0x22, 0x13, 0xbb, 0x8d, 0x18, 0x8c, 0x0,
    0xb4, 0x40, 0xf, 0xde, 0x58, 0xc3, 0xdf, 0x0,
    0xa, 0x0, 0x4, 0x35, 0xc0, 0x7, 0x68, 0xe0,
    0x1e, 0x21, 0x0, 0x6c, 0x21, 0xa8, 0x80, 0x79,
    0x14, 0x9, 0xb1, 0xc1, 0x44, 0x3, 0x9e, 0x7c,
    0x3a, 0xba, 0xb5, 0xbd, 0x80, 0x21, 0xc, 0x40,
    0x48, 0xc, 0x28, 0x80, 0x80, 0x5a, 0x84, 0x0,
    0x1c, 0xa1, 0x0, 0x33, 0x80,

    /* U+6001 "态" */
    0x0, 0xf8, 0x40, 0x3f, 0xf8, 0x4b, 0xc4, 0x1,
    0xff, 0xc1, 0xd2, 0x20, 0x7, 0xee, 0xff, 0xce,
    0x5f, 0xfe, 0x80, 0x6, 0xe6, 0xea, 0x42, 0xec,
    0x17, 0xba, 0xc9, 0x0, 0x19, 0x88, 0x94, 0xa8,
    0x85, 0xe2, 0x21, 0x88, 0x7, 0x58, 0x91, 0x2,
    0xd2, 0x40, 0x3c, 0x7a, 0xde, 0x5a, 0x63, 0x8f,
    0x8a, 0x1, 0x5e, 0x3e, 0x15, 0x30, 0x0, 0xbd,
    0x6a, 0xc0, 0x1d, 0x54, 0x10, 0x4, 0x38, 0x0,
    0x67, 0xa8, 0x0, 0xa4, 0x22, 0x92, 0x7a, 0x0,
    0xad, 0x44, 0x0, 0x50, 0xa6, 0xc2, 0xc6, 0x80,
    0x3, 0xa1, 0x0, 0x29, 0x21, 0x80, 0x5a, 0x83,
    0x12, 0x74, 0x0, 0x9a, 0x0, 0x90, 0xce, 0x87,
    0x3e, 0xd0, 0x4, 0x30, 0xa, 0x4e, 0x64, 0xf0,
    0x46, 0xc0,

    /* U+601D "思" */
    0x0, 0x27, 0xff, 0xf9, 0x80, 0x3d, 0xdd, 0x58,
    0xf7, 0x44, 0x1, 0xf1, 0x16, 0x12, 0x28, 0xcc,
    0x1, 0xed, 0xda, 0x3, 0x76, 0x10, 0xf, 0xbb,
    0xaa, 0x1e, 0xe8, 0x80, 0x3e, 0x22, 0xc0, 0x45,
    0x1, 0x80, 0x70, 0xe6, 0x50, 0x19, 0x91, 0x98,
    0x3, 0x37, 0x76, 0xf8, 0xee, 0xbd, 0x40, 0x37,
    0xc8, 0xf1, 0x4, 0x30, 0x3, 0x1c, 0x2, 0x42,
    0xb0, 0x10, 0x18, 0xd0, 0x7, 0x42, 0x80, 0x25,
    0x88, 0x3, 0x35, 0x84, 0xb, 0xd8, 0x10, 0xd8,
    0x4, 0xe2, 0x31, 0xbb, 0xa3, 0xc0, 0xb0, 0x80,
    0x4e, 0xbb, 0xac, 0x55, 0x0, 0x80,

    /* U+610F "意" */
    0x0, 0xf8, 0x4c, 0x3, 0xff, 0x85, 0x3a, 0x1,
    0xf9, 0x77, 0x33, 0x28, 0xe6, 0x6d, 0x10, 0x2,
    0x77, 0x20, 0x3b, 0xf7, 0xde, 0x3b, 0x82, 0x1,
    0x11, 0x14, 0x44, 0x44, 0x64, 0x52, 0x20, 0x81,
    0x77, 0xf7, 0x9e, 0xf7, 0x2c, 0x7f, 0xbf, 0x88,
    0x9f, 0xdd, 0xff, 0xc0, 0xf2, 0x0, 0xbf, 0xb7,
    0x7d, 0xdc, 0x0, 0xf9, 0xa2, 0x3c, 0xe0, 0x1f,
    0x88, 0xbe, 0x30, 0xf, 0xcf, 0x77, 0xe7, 0x0,
    0xfb, 0x7b, 0xfa, 0x6f, 0xb9, 0xf8, 0x40, 0x11,
    0xf1, 0x57, 0x90, 0x40, 0x19, 0xe, 0x98, 0x2,
    0x90, 0x38, 0x0, 0xb4, 0x51, 0xa6, 0xfa, 0x22,
    0x79, 0x2, 0x3f, 0xf5, 0x7b, 0x50, 0x44, 0x88,
    0xb8, 0xc1, 0x7f, 0xfc, 0xe0, 0x7, 0x0,

    /* U+6210 "成" */
    0x0, 0xff, 0xe6, 0x2f, 0x85, 0x40, 0x7, 0xff,
    0xa, 0x5a, 0x40, 0x3f, 0xc2, 0x0, 0x3a, 0xe0,
    0xd, 0x9f, 0xfd, 0x61, 0xfe, 0xb8, 0xa0, 0xc,
    0xfd, 0xdb, 0x43, 0x7b, 0xab, 0x0, 0x9f, 0xc4,
    0x71, 0x0, 0x5, 0xa0, 0x40, 0x34, 0x7f, 0xce,
    0x4, 0xc1, 0x46, 0x1, 0x9d, 0xdb, 0xa2, 0x10,
    0x6c, 0x42, 0x80, 0xe, 0xe2, 0x20, 0x18, 0x19,
    0xa5, 0x88, 0x3, 0x11, 0x80, 0xd, 0x82, 0xd0,
    0xe0, 0x3, 0x8, 0x98, 0x0, 0x22, 0x7, 0x7,
    0x10, 0x30, 0x2, 0x1, 0xce, 0x81, 0x25, 0xab,
    0x10, 0xe1, 0x84, 0xa8, 0x7a, 0xdc, 0x5c, 0xd2,
    0xe4, 0x81, 0x19, 0xa0, 0x1a, 0x20, 0xb8, 0xc1,
    0x64, 0xe6, 0x27, 0xe4, 0x1, 0x76, 0x98, 0x0,
    0x73, 0x1a, 0x0,

    /* U+6211 "我" */
    0x0, 0xff, 0xe5, 0x20, 0x2f, 0x80, 0x7f, 0x1b,
    0xe5, 0xc8, 0x80, 0x35, 0x80, 0x35, 0x7e, 0x43,
    0x5c, 0x80, 0x85, 0xca, 0x80, 0x53, 0xbe, 0x5e,
    0x80, 0x19, 0xa3, 0x0, 0x21, 0x31, 0x3, 0x11,
    0x80, 0x44, 0xd0, 0x40, 0x79, 0xfe, 0x28, 0xff,
    0x58, 0xff, 0xf0, 0x1f, 0x74, 0x57, 0xdc, 0xc0,
    0xee, 0xb3, 0x40, 0x3f, 0x11, 0x0, 0x81, 0xb4,
    0x40, 0x21, 0x43, 0x8e, 0x90, 0x16, 0xb, 0x81,
    0x2, 0xee, 0x50, 0xa6, 0x58, 0x2e, 0x48, 0xb8,
    0x0, 0xa7, 0x38, 0xb0, 0x80, 0x1c, 0xee, 0xe0,
    0xc, 0xe6, 0x1, 0xc3, 0xc0, 0xe4, 0x8, 0x1,
    0xc6, 0x2, 0xfe, 0xf2, 0xcc, 0x1b, 0x30, 0x4,
    0x68, 0xbc, 0x4c, 0x63, 0x54, 0xf9, 0x18, 0x3,
    0x2b, 0x4a, 0x7d, 0x80, 0xb, 0xb3, 0xc0,

    /* U+6216 "或" */
    0x0, 0xff, 0xe5, 0x27, 0x85, 0xa0, 0x7, 0xff,
    0x7, 0x6c, 0xc0, 0x2, 0x42, 0x3f, 0x9d, 0xc0,
    0x21, 0x59, 0xff, 0xd6, 0x3f, 0xe6, 0xda, 0xb,
    0xee, 0xf6, 0x7, 0x76, 0xb0, 0x6, 0xff, 0xe1,
    0x30, 0x10, 0x38, 0x0, 0x8e, 0xff, 0x80, 0x2,
    0x4, 0x16, 0xa0, 0x1f, 0xe3, 0x50, 0x68, 0x0,
    0xff, 0x2f, 0xb1, 0xa8, 0x6, 0xbf, 0xe0, 0xb,
    0x1e, 0x20, 0x1, 0xbb, 0xff, 0x10, 0x28, 0xaa,
    0x80, 0x30, 0xa3, 0xdf, 0xe8, 0x48, 0x38, 0x0,
    0x82, 0xba, 0xbb, 0x9b, 0xf6, 0x9a, 0x4e, 0x3a,
    0x73, 0xbd, 0x2b, 0x5c, 0x38, 0x55, 0x18, 0x46,
    0x62, 0x0, 0xbe, 0xe8, 0x41, 0x2d, 0xf8, 0x0,

    /* U+6253 "打" */
    0x0, 0x9b, 0xc0, 0x3f, 0xf8, 0x46, 0x1, 0x2b,
    0xbf, 0xc6, 0x1, 0x84, 0x0, 0x7d, 0xd4, 0x67,
    0x71, 0xc2, 0xf6, 0xc7, 0x74, 0x73, 0x30, 0x7c,
    0xc9, 0x3, 0xe6, 0x41, 0xdc, 0x40, 0xf, 0xe4,
    0x41, 0x9, 0x98, 0x40, 0x3f, 0xf8, 0x27, 0x22,
    0x1, 0xfe, 0x4f, 0x1d, 0x1, 0x0, 0xfe, 0xea,
    0x61, 0xe9, 0x0, 0xff, 0x6f, 0x48, 0x7, 0xff,
    0x4, 0xc0, 0x3f, 0xfa, 0x87, 0x80, 0x1c, 0x2a,
    0x1, 0xf6, 0xb4, 0x80, 0x6d, 0xa2, 0x40, 0xe,
    0xff, 0x38, 0x6, 0xed, 0xd0, 0x6,

    /* U+6270 "扰" */
    0x0, 0xbd, 0x0, 0x2a, 0x80, 0x41, 0x0, 0xff,
    0x84, 0x1, 0xda, 0x1, 0xe1, 0x0, 0xef, 0xa,
    0xa, 0x0, 0x99, 0x83, 0x8c, 0x1, 0xed, 0xb0,
    0xb, 0xfc, 0x7, 0xf1, 0xc9, 0x1d, 0xcf, 0xf4,
    0x80, 0x26, 0x43, 0xf3, 0x2f, 0x38, 0x38, 0xff,
    0x40, 0x7, 0xa, 0x8, 0x80, 0x80, 0xc4, 0x60,
    0x8, 0x86, 0xb0, 0x0, 0x4c, 0x1, 0xe1, 0xcd,
    0xa, 0x80, 0x21, 0x20, 0xf, 0xd, 0xf0, 0x88,
    0x0, 0x84, 0x20, 0x1f, 0x38, 0x80, 0x6b, 0xa0,
    0xf, 0xfe, 0xa, 0x9b, 0x0, 0x62, 0x20, 0x6,
    0x10, 0x2a, 0x81, 0x1, 0xd1, 0x5c, 0x0, 0x27,
    0x3, 0x7a, 0xb0, 0x2, 0x5b, 0xa2, 0x40, 0xb,
    0x3a, 0x59, 0x40, 0x12, 0xf7, 0xf9, 0xc0,

    /* U+6284 "抄" */
    0x0, 0xb9, 0x0, 0x32, 0x78, 0x7, 0xff, 0x30,
    0xc0, 0x39, 0xc0, 0x8, 0x20, 0x16, 0xe8, 0xab,
    0x89, 0xe0, 0x2, 0x9a, 0x0, 0xa7, 0x86, 0x28,
    0xb0, 0x40, 0x2e, 0x47, 0x0, 0x21, 0x98, 0x90,
    0x13, 0x0, 0x23, 0x78, 0x20, 0xc, 0x74, 0xa0,
    0x80, 0x1a, 0x24, 0x80, 0xc, 0x50, 0x7e, 0x62,
    0x1, 0xa5, 0x1, 0x3e, 0xc2, 0xe4, 0xe4, 0x1c,
    0x0, 0x8c, 0xa0, 0xb5, 0xa4, 0x0, 0x95, 0x7,
    0x41, 0xa4, 0x70, 0x15, 0x0, 0xf8, 0xeb, 0x42,
    0x80, 0x3f, 0xe5, 0xc1, 0xc1, 0x0, 0x8d, 0x49,
    0xc0, 0xdf, 0x69, 0x30, 0x80, 0x34, 0xd2, 0x1c,
    0x64, 0xa6, 0xc8, 0x80, 0x75, 0xfd, 0x84, 0x67,
    0x49, 0x0, 0x78,

    /* U+62C9 "拉" */
    0x0, 0xff, 0xe3, 0xf2, 0x80, 0x43, 0xc6, 0x1,
    0xff, 0xc1, 0x15, 0x90, 0xf, 0xc6, 0x1, 0xde,
    0x40, 0x1c, 0x9f, 0xe2, 0xae, 0xaf, 0xf5, 0xbf,
    0xfc, 0xc0, 0x9d, 0xe5, 0x5f, 0x5f, 0xfd, 0xde,
    0xc0, 0x1, 0x0, 0x84, 0x18, 0x80, 0x2a, 0x90,
    0xf, 0x66, 0x85, 0xa8, 0x4, 0xbe, 0x1, 0x98,
    0x92, 0x1, 0x6c, 0x0, 0x42, 0xe0, 0x4, 0xeb,
    0x18, 0x50, 0xb3, 0x20, 0x42, 0x10, 0x2, 0x46,
    0x98, 0x4, 0x62, 0xa1, 0x88, 0x1, 0x98, 0x3,
    0xc9, 0x60, 0x9a, 0x1, 0xff, 0x75, 0x18, 0xa0,
    0x7, 0x8c, 0x8, 0xcc, 0xeb, 0x46, 0x72, 0x0,
    0x1e, 0xc5, 0xab, 0xff, 0x28, 0x7f, 0xa4, 0x40,
    0x89, 0x67, 0x19, 0x9f, 0xb4, 0x40,

    /* U+6309 "按" */
    0x0, 0xfe, 0x11, 0x0, 0x7e, 0xf2, 0x0, 0xd5,
    0x60, 0x1f, 0xfc, 0x29, 0x41, 0x0, 0xff, 0x46,
    0x63, 0x8b, 0x73, 0xe, 0x7, 0xb8, 0x1e, 0xa4,
    0xbf, 0xfc, 0xdc, 0x7, 0xfc, 0x12, 0x80, 0x27,
    0x34, 0x66, 0x20, 0x8, 0x88, 0xc, 0x33, 0x60,
    0xb8, 0x0, 0xaa, 0x0, 0x78, 0x84, 0x4c, 0x2e,
    0x44, 0x1, 0x0, 0x84, 0x3e, 0xbb, 0xe4, 0x3f,
    0xdb, 0x9e, 0x25, 0x5c, 0x13, 0x19, 0x23, 0xfb,
    0x81, 0x9a, 0x24, 0x7a, 0xc, 0x0, 0x99, 0x8,
    0x4a, 0x10, 0x5, 0x24, 0x1, 0xb, 0x4b, 0x9b,
    0xc0, 0x7, 0xf0, 0xde, 0x5e, 0x11, 0x80, 0x7c,
    0x60, 0x2, 0xa3, 0x71, 0xe6, 0x0, 0x9b, 0x80,
    0x5f, 0x74, 0x5b, 0x19, 0x32, 0xa0, 0x3, 0xc7,
    0x2, 0xc7, 0x51, 0x0, 0x1f, 0x60, 0x0,

    /* U+636E "据" */
    0x0, 0xa8, 0x80, 0x3f, 0xf8, 0x4a, 0x20, 0x7f,
    0xff, 0x8, 0x6, 0x10, 0x8, 0xbf, 0xf8, 0x2,
    0x16, 0x60, 0xdb, 0x38, 0x7, 0xf1, 0xff, 0x80,
    0xbc, 0xb, 0xff, 0x80, 0x22, 0x99, 0xc, 0xc9,
    0xcb, 0xfd, 0x8d, 0xfe, 0x10, 0xe, 0x6a, 0x70,
    0x9, 0xd0, 0x0, 0x20, 0x11, 0x8d, 0xe0, 0x17,
    0xfa, 0xcb, 0xfd, 0xca, 0x5b, 0xe1, 0xac, 0x29,
    0xfe, 0xb3, 0xff, 0x94, 0xa7, 0x4, 0x0, 0x43,
    0x59, 0x27, 0x98, 0x20, 0x2, 0x0, 0x6c, 0xc3,
    0x4e, 0x76, 0x90, 0x7, 0xe4, 0x40, 0x8, 0xe0,
    0xf, 0x8, 0x99, 0x8, 0x8, 0xb0, 0x6, 0x4a,
    0x62, 0xa8, 0x0, 0x5f, 0x74, 0x22, 0x0, 0x25,
    0x48, 0x61, 0x86, 0x6e, 0x65, 0xe6, 0x0,

    /* U+6392 "排" */
    0x0, 0x17, 0x90, 0x4, 0x9c, 0x18, 0xa0, 0x1f,
    0x18, 0x7, 0x84, 0x3, 0xfc, 0x66, 0x20, 0x8,
    0x8d, 0x0, 0x77, 0x83, 0x66, 0xbe, 0xc0, 0x2a,
    0xf9, 0x1, 0x99, 0x4, 0x5c, 0xe4, 0x80, 0x51,
    0x9a, 0x0, 0x47, 0x5, 0x20, 0xf, 0xfe, 0x19,
    0xb6, 0x48, 0x5, 0x19, 0x0, 0x13, 0x87, 0x52,
    0xcd, 0x0, 0x4b, 0x16, 0x7, 0xf0, 0x1b, 0x26,
    0xa6, 0x1, 0x6a, 0x18, 0x1d, 0x78, 0x18, 0x7,
    0xff, 0x1, 0x40, 0x23, 0xed, 0xa0, 0xa, 0xf7,
    0x88, 0x3, 0x8b, 0x7a, 0x0, 0x29, 0xed, 0x20,
    0xe, 0x13, 0x31, 0x0, 0x44, 0x66, 0x0, 0x34,
    0x0, 0x80, 0x7f, 0xf0, 0x55, 0x80, 0x30, 0x80,
    0x46, 0x1, 0x9b, 0xe4, 0x3, 0x2f, 0x6, 0xb0,
    0x4,

    /* U+63A5 "接" */
    0x0, 0xff, 0x20, 0x7, 0xc3, 0xe2, 0x1, 0x8e,
    0xc8, 0x3, 0xfc, 0xb1, 0xb, 0x9, 0x88, 0x48,
    0x7, 0xfc, 0xe6, 0x20, 0x11, 0xff, 0x83, 0xe5,
    0x64, 0xa2, 0x26, 0xc9, 0x3, 0xcd, 0xd, 0xb0,
    0x14, 0x70, 0x40, 0x40, 0x8, 0xc8, 0x8, 0xb3,
    0x9, 0x72, 0x11, 0x80, 0x78, 0xaf, 0xd6, 0xfd,
    0xdb, 0xf8, 0x0, 0x28, 0x1e, 0xf3, 0xba, 0x8,
    0xdd, 0xc0, 0x7d, 0x21, 0xe9, 0xff, 0x15, 0x7f,
    0xe8, 0x3b, 0xd0, 0x0, 0xf7, 0x6, 0x7f, 0x3,
    0xbe, 0x1, 0x0, 0x30, 0xb8, 0x8d, 0x2e, 0x20,
    0x1f, 0xcd, 0x79, 0xcb, 0x60, 0x18, 0x48, 0x4,
    0x0, 0x22, 0x72, 0x5c, 0xa2, 0x0, 0x46, 0x18,
    0x16, 0xf4, 0x56, 0xd6, 0x36, 0x8, 0x5e, 0x60,
    0xa, 0x77, 0x4c, 0x0, 0x3c, 0xc0, 0x80,

    /* U+63A7 "控" */
    0x0, 0xff, 0xe3, 0x2f, 0x80, 0x74, 0xe0, 0x7,
    0xc2, 0x1, 0x11, 0x5c, 0x64, 0x58, 0x3, 0xed,
    0xda, 0x3, 0x77, 0x8, 0x10, 0x81, 0x8, 0x5f,
    0x77, 0x60, 0x0, 0xbe, 0xc3, 0xd0, 0xda, 0x1c,
    0x52, 0x48, 0xc0, 0xb6, 0x83, 0x57, 0x15, 0x88,
    0x1d, 0xa7, 0x4, 0x3, 0x85, 0xe2, 0x90, 0xb,
    0x5d, 0x80, 0x22, 0xe, 0x52, 0x94, 0x11, 0x8a,
    0x50, 0xf, 0xa4, 0x31, 0x36, 0x7b, 0xba, 0x40,
    0x5, 0x36, 0x4, 0x11, 0xfe, 0xc0, 0xff, 0x88,
    0x5, 0xc0, 0x3f, 0xfa, 0xa2, 0x0, 0x21, 0x13,
    0x80, 0x88, 0x8c, 0x41, 0xe8, 0x80, 0xf3, 0xfd,
    0x43, 0xfe, 0xcd, 0x50, 0x49, 0xe0, 0x3e, 0xef,
    0xe4,

    /* U+63D2 "插" */
    0x0, 0xff, 0xe3, 0x1f, 0x80, 0x78, 0x96, 0x34,
    0x80, 0x21, 0x0, 0xaf, 0x7b, 0xf6, 0x95, 0x9c,
    0x3, 0x8, 0x3, 0xe2, 0xa8, 0x3f, 0xb6, 0xa0,
    0x8, 0xb1, 0x84, 0x6, 0x73, 0x13, 0x3c, 0x20,
    0x20, 0x11, 0x57, 0x72, 0x3, 0xbb, 0x10, 0x4d,
    0x8c, 0x37, 0x6e, 0x68, 0xee, 0xe3, 0x0, 0xc6,
    0x67, 0xd8, 0x0, 0xbf, 0xd8, 0x0, 0x48, 0x1f,
    0x19, 0x95, 0x80, 0x5f, 0x62, 0x5, 0x6c, 0x38,
    0x40, 0xc4, 0x1, 0xf1, 0x6f, 0x0, 0x6d, 0xe0,
    0xb, 0xac, 0x2, 0x20, 0xe, 0xde, 0x0, 0xba,
    0xc0, 0x3f, 0xf8, 0xe2, 0x80, 0x1b, 0x3b, 0x47,
    0xb9, 0x40, 0x14, 0xc8, 0xc0, 0x2d, 0xff, 0x77,
    0xfa, 0xc0, 0x2d, 0x39, 0x0, 0x84, 0x7e, 0x0,
    0x97, 0x10, 0x1, 0xe4, 0x1, 0xc9, 0xa0,

    /* U+641C "搜" */
    0x0, 0x17, 0x88, 0x4, 0x29, 0xe0, 0x1f, 0xc2,
    0x17, 0xd4, 0xe2, 0xdf, 0xe3, 0x0, 0xf9, 0x76,
    0xc0, 0xd, 0xe2, 0x0, 0x1f, 0xd0, 0xf5, 0xd,
    0x80, 0x3, 0x68, 0x80, 0x7, 0xb0, 0x39, 0x42,
    0x24, 0x0, 0xfc, 0x1, 0x84, 0x40, 0x20, 0x2,
    0x7, 0x0, 0x10, 0x80, 0x79, 0x94, 0x2f, 0xac,
    0x7b, 0x82, 0x0, 0x17, 0x90, 0xf7, 0xef, 0xf6,
    0xf, 0xfc, 0x60, 0xa, 0xc0, 0x92, 0xef, 0xf6,
    0xf, 0xfb, 0x40, 0x3, 0xaa, 0x1, 0x7a, 0x37,
    0x73, 0x46, 0xc0, 0x3f, 0xf, 0xb1, 0xd, 0x13,
    0x0, 0x7f, 0x23, 0x6b, 0xb7, 0x0, 0x61, 0x60,
    0xe, 0xd1, 0x87, 0x30, 0xd, 0x16, 0x80, 0xd9,
    0xf4, 0xf6, 0x5d, 0xcc, 0x10, 0x8e, 0xb0, 0x4b,
    0xce, 0x84, 0xbe, 0xb9, 0x10,

    /* U+6444 "摄" */
    0x0, 0x1f, 0x80, 0x7f, 0xf1, 0x57, 0xff, 0xf5,
    0x0, 0x61, 0x5, 0xf1, 0x9a, 0xa8, 0x32, 0x80,
    0x7f, 0x7, 0xe4, 0x1, 0xc4, 0x50, 0x6, 0x1f,
    0xc1, 0xf9, 0x0, 0xf, 0x74, 0x1, 0xff, 0xc0,
    0xef, 0xf8, 0x3, 0xe1, 0xb6, 0xa1, 0xcd, 0xaa,
    0x6, 0xe8, 0x0, 0xfa, 0x2, 0xa5, 0x3f, 0x1f,
    0xc3, 0xba, 0x0, 0x74, 0xd, 0x43, 0xcd, 0xce,
    0x68, 0xe3, 0x0, 0x25, 0x40, 0x1f, 0xbc, 0x16,
    0x39, 0xc2, 0x80, 0x1e, 0x2d, 0xa4, 0x16, 0xa4,
    0x22, 0x0, 0x79, 0xb1, 0x18, 0xe5, 0xee, 0x0,
    0x23, 0x50, 0xa, 0x16, 0x81, 0x0, 0x6, 0x1,
    0x54, 0xb8, 0x60, 0xd3, 0x7c, 0x6e, 0x5f, 0x8,
    0x47, 0xc8, 0x6d, 0x0, 0xfe, 0x99, 0x67, 0x88,

    /* U+6478 "摸" */
    0x0, 0xf, 0x88, 0x5, 0x4e, 0x14, 0xe0, 0x1f,
    0xc2, 0x1, 0xf0, 0x80, 0x78, 0xbb, 0xd6, 0x3d,
    0x63, 0xf8, 0x5, 0x9c, 0x1d, 0xbf, 0xcb, 0x1e,
    0xb1, 0xfe, 0x3, 0xff, 0x7, 0x93, 0x7a, 0x4f,
    0x24, 0xfa, 0x1, 0x4c, 0x4, 0x30, 0x1f, 0x77,
    0x0, 0x7c, 0x88, 0x3, 0xee, 0xe0, 0xe, 0x50,
    0xb0, 0x1, 0xf7, 0x70, 0x4, 0x7b, 0x61, 0xe8,
    0x65, 0xdc, 0xfe, 0xe0, 0x80, 0xd, 0x34, 0x2,
    0x4e, 0xe4, 0x9f, 0x73, 0xd8, 0x1, 0x26, 0x0,
    0x9f, 0xee, 0x41, 0xf7, 0x3f, 0x44, 0x3, 0xa7,
    0xb9, 0x80, 0x85, 0xdc, 0xf1, 0x0, 0xc2, 0x0,
    0x4c, 0x7b, 0x7c, 0x30, 0xa, 0xb8, 0x81, 0xf2,
    0xe6, 0x2, 0xd3, 0x3c, 0x83, 0xa3, 0x0, 0x6b,
    0x9c, 0x2, 0x8e, 0xa2,

    /* U+6536 "收" */
    0x0, 0xfe, 0x10, 0xf, 0xf7, 0x28, 0x1, 0x39,
    0x0, 0x3f, 0x8c, 0x40, 0x1a, 0x48, 0x1, 0xeb,
    0x30, 0xe, 0x65, 0x22, 0xe0, 0x2, 0x38, 0x6,
    0x70, 0x7d, 0xde, 0x40, 0x10, 0xe, 0x98, 0xff,
    0x83, 0x7d, 0x0, 0x3d, 0x1, 0x48, 0x4, 0x4,
    0x1, 0xf0, 0xb5, 0xb6, 0x3, 0x90, 0x7, 0xe1,
    0xe5, 0xd5, 0xc, 0x40, 0xc, 0x24, 0xa6, 0x1,
    0x39, 0x23, 0xe8, 0x4, 0x81, 0x18, 0x1, 0x85,
    0x6c, 0xd0, 0x2, 0x4b, 0xe9, 0x30, 0xd, 0xa0,
    0xa0, 0x1c, 0x80, 0x1e, 0x88, 0x2b, 0xb8, 0x3,
    0xf9, 0x31, 0xea, 0x97, 0x3a, 0xc2, 0x1, 0xc7,
    0x2f, 0xaa, 0x9, 0xe9, 0xa2, 0x1, 0xb5, 0xf6,
    0xc8, 0x2, 0x19, 0xb0,

    /* U+6539 "改" */
    0x0, 0xfe, 0x52, 0x0, 0xf0, 0x80, 0x7d, 0x4a,
    0x1, 0xee, 0xff, 0xcc, 0xa, 0x2e, 0x1, 0xef,
    0xfc, 0x66, 0x9, 0x53, 0x3e, 0x0, 0xfc, 0x86,
    0xff, 0xec, 0xea, 0x0, 0xf8, 0xe5, 0xf3, 0x1c,
    0x1b, 0x20, 0x4, 0xee, 0x8f, 0x85, 0x84, 0x18,
    0x80, 0x3d, 0xfe, 0xe8, 0xc4, 0x90, 0xc7, 0x0,
    0xf0, 0x8c, 0x0, 0x87, 0x15, 0xf0, 0xf, 0xf8,
    0x9b, 0xd, 0x40, 0x3e, 0x1a, 0x50, 0x6, 0x93,
    0x80, 0x7c, 0xbe, 0x8, 0xb, 0x68, 0xcc, 0x0,
    0xdc, 0x37, 0x54, 0x5b, 0xaa, 0x5d, 0x4d, 0x8,
    0x3, 0xd7, 0xd2, 0xec, 0x3c, 0xa0, 0xb8, 0xfe,
    0x20, 0xb4, 0x21, 0x3b, 0x42, 0x1, 0x1e, 0xe8,
    0x40,

    /* U+6548 "效" */
    0x0, 0xff, 0x8, 0x7, 0xe6, 0xd0, 0xe, 0xca,
    0x0, 0xf9, 0xc8, 0xc0, 0x21, 0x29, 0x0, 0xc5,
    0x10, 0x95, 0xb8, 0x80, 0x39, 0x10, 0x46, 0x0,
    0x7f, 0xdb, 0xff, 0x5, 0x9f, 0xfb, 0xbd, 0xc9,
    0xc3, 0x5c, 0x39, 0xd0, 0xbf, 0xa4, 0xf9, 0xc0,
    0x67, 0x1, 0x19, 0x65, 0x0, 0x27, 0x0, 0xb5,
    0x58, 0xd, 0xe1, 0x59, 0xc3, 0x88, 0x0, 0x41,
    0xc2, 0x13, 0xf9, 0xb, 0xe0, 0xbe, 0x0, 0x2c,
    0xdf, 0x37, 0x21, 0xc, 0x71, 0x34, 0x0, 0xd1,
    0x38, 0xa, 0x0, 0x41, 0xb2, 0x20, 0x7, 0x20,
    0xb, 0x0, 0x4c, 0xb6, 0x1, 0xc5, 0xaf, 0x32,
    0x30, 0x24, 0xe, 0x0, 0xcd, 0xaf, 0xd, 0x66,
    0xfa, 0x98, 0xd4, 0x20, 0x35, 0x12, 0x0, 0x2e,
    0x9a, 0x93, 0xd4, 0xe3, 0x1c, 0x70, 0x9, 0xdb,
    0xd4, 0x0, 0x7f, 0x46,

    /* U+654F "敏" */
    0x0, 0xa8, 0x80, 0x3a, 0x10, 0x3, 0xcc, 0x82,
    0x44, 0x31, 0x7, 0x0, 0xf0, 0xc1, 0xf7, 0xfb,
    0x55, 0x42, 0x80, 0x1d, 0xaf, 0xbb, 0xb9, 0x38,
    0x73, 0x30, 0xb, 0x3f, 0xfe, 0x93, 0x48, 0x83,
    0x4, 0x0, 0xd0, 0xe2, 0x7b, 0xc, 0x3, 0x21,
    0xaa, 0x0, 0x63, 0x4, 0xf, 0x11, 0x28, 0x17,
    0x0, 0xf, 0x43, 0x5a, 0x5e, 0x49, 0xc, 0x18,
    0xc0, 0x7, 0x3, 0xd7, 0xe5, 0x13, 0xf6, 0x4,
    0xa0, 0x18, 0x86, 0x4c, 0x8, 0x54, 0x9c, 0xc4,
    0x2, 0x36, 0x27, 0x22, 0x38, 0x1, 0xa2, 0x80,
    0x37, 0x2f, 0xbe, 0xe, 0x30, 0x4, 0x20, 0x1a,
    0x3f, 0xd7, 0x3, 0xe5, 0xab, 0x53, 0x68, 0x1,
    0xdd, 0x51, 0x35, 0x4d, 0x5f, 0x18, 0x0, 0xea,
    0xd6, 0x9e, 0x70, 0x0, 0xd6, 0x0,

    /* U+6570 "数" */
    0x3, 0x50, 0xd6, 0x18, 0x6, 0xa0, 0xf, 0x59,
    0x1, 0xb1, 0x7, 0x80, 0x78, 0x60, 0x44, 0x7f,
    0xc0, 0x9e, 0x1, 0xd9, 0x18, 0x72, 0xd4, 0xc5,
    0x19, 0x93, 0x7, 0x60, 0x8a, 0x2f, 0x84, 0xbb,
    0xc1, 0x10, 0xb, 0x90, 0x5f, 0x6b, 0x62, 0x66,
    0x1d, 0x22, 0x45, 0x3b, 0x65, 0x69, 0x98, 0x0,
    0x6c, 0x5, 0xa9, 0x22, 0x88, 0xe7, 0x23, 0x11,
    0x18, 0x17, 0xf9, 0xd3, 0xfd, 0xb0, 0x96, 0xa4,
    0x0, 0x2e, 0xa2, 0xff, 0x1e, 0x86, 0xb7, 0x28,
    0x4, 0x30, 0x2a, 0xc4, 0xc0, 0x86, 0xb4, 0x1,
    0xb2, 0x7a, 0x41, 0xc0, 0x40, 0xc, 0x1, 0x84,
    0xd6, 0x6b, 0x8f, 0x12, 0x2d, 0x40, 0x13, 0xdb,
    0x8c, 0x87, 0x95, 0x2f, 0x14, 0xa1, 0x59, 0x64,
    0x0, 0x9e, 0x70, 0x3, 0xea, 0x80,

    /* U+6587 "文" */
    0x0, 0xf8, 0x40, 0x3f, 0xf8, 0x57, 0x60, 0xf,
    0xfe, 0x14, 0x29, 0x80, 0x7f, 0xf0, 0x4d, 0x98,
    0x1, 0xf1, 0x7f, 0xf9, 0xab, 0xff, 0xc2, 0x59,
    0x8b, 0xa, 0xcc, 0xc2, 0xd9, 0x76, 0x10, 0x33,
    0x20, 0x81, 0x9e, 0x1d, 0x34, 0x40, 0x7, 0x37,
    0x80, 0x4a, 0x28, 0x1, 0xfa, 0x94, 0x80, 0x12,
    0xe0, 0x1f, 0xc4, 0xb2, 0xa, 0x70, 0x1, 0xfe,
    0xb5, 0x9b, 0x81, 0x0, 0xff, 0xc, 0x30, 0x38,
    0x7, 0xfc, 0xd2, 0xc5, 0xa8, 0x1, 0xf1, 0x3f,
    0x45, 0xce, 0x2d, 0xec, 0x20, 0x80, 0x33, 0x6a,
    0x39, 0x0, 0x11, 0xd4, 0xb7, 0x40, 0xf, 0xcd,
    0x60, 0xe, 0x17, 0xdd, 0x50, 0x0,

    /* U+65E0 "无" */
    0x0, 0xff, 0xe3, 0x2f, 0xff, 0xf9, 0x0, 0x32,
    0xee, 0xba, 0x47, 0xbb, 0x6a, 0x0, 0x71, 0x10,
    0x4c, 0x4, 0x71, 0x0, 0x7f, 0xf3, 0x8c, 0x3,
    0xfa, 0x3f, 0xf5, 0x17, 0xff, 0xac, 0x1, 0x1d,
    0xd9, 0x5a, 0xc7, 0xbb, 0x50, 0x4, 0x23, 0x93,
    0x0, 0x2, 0x3c, 0x1, 0xe4, 0x15, 0x0, 0xff,
    0xe0, 0xc, 0xb8, 0x7, 0xff, 0x0, 0x74, 0x20,
    0x3, 0xcb, 0x60, 0x11, 0xe1, 0x78, 0x1, 0xc5,
    0x8, 0x9e, 0xc0, 0x9, 0xc1, 0xf2, 0x0, 0x1a,
    0x5e, 0xe9, 0x20, 0x1, 0x73, 0x82, 0x1, 0xaf,
    0xfe, 0xe5, 0x0,

    /* U+65E7 "旧" */
    0x2f, 0x40, 0x7, 0x77, 0xe5, 0x0, 0xe1, 0x6d,
    0xdd, 0x42, 0x1, 0xf7, 0x19, 0xe5, 0x0, 0xff,
    0xec, 0x5e, 0x66, 0xd0, 0xf, 0xc9, 0x11, 0xa4,
    0x3, 0xf7, 0xa2, 0x70, 0x7, 0xff, 0x62, 0x37,
    0x76, 0x0, 0x7e, 0x6e, 0xed, 0x20, 0x1e, 0x10,
    0xe3, 0x3c, 0xa0, 0x2, 0xe4, 0x1, 0xf6, 0x0,
    0xc3, 0xea,

    /* U+65F6 "时" */
    0x0, 0xff, 0xbd, 0x80, 0x6, 0x7c, 0x1, 0xf1,
    0x80, 0x37, 0x5d, 0xcc, 0x30, 0xf, 0xf4, 0x6e,
    0x0, 0x19, 0x57, 0x6, 0x31, 0x0, 0x73, 0xd4,
    0xf7, 0x40, 0x94, 0xc7, 0xc6, 0xa0, 0xd9, 0x8b,
    0xb8, 0x63, 0x10, 0x1b, 0xa4, 0x2, 0x60, 0xf,
    0xd1, 0xb8, 0x0, 0x29, 0x60, 0xf, 0xfe, 0x1,
    0x3c, 0x0, 0x78, 0xc4, 0x44, 0x1, 0x4b, 0x8,
    0x7, 0xa3, 0xb0, 0x2, 0x18, 0x10, 0xf, 0x4f,
    0xf0, 0x7, 0xff, 0x8, 0x70, 0x80, 0x38, 0x40,
    0x2f, 0x60, 0x1, 0x80, 0x68, 0xc0, 0x60, 0x0,
    0x80, 0x7e, 0xc4, 0xb3, 0x0, 0x0,

    /* U+661F "星" */
    0x0, 0x37, 0xff, 0xf9, 0x80, 0x38, 0x7f, 0xff,
    0x8, 0x7, 0x87, 0xff, 0xf0, 0x80, 0x78, 0x7f,
    0xff, 0x8, 0x7, 0x87, 0xff, 0xf0, 0x80, 0x73,
    0x67, 0xfd, 0x91, 0xff, 0x98, 0x3, 0xe, 0xc8,
    0x1, 0x60, 0x3, 0xfa, 0x5, 0xbf, 0xd2, 0x1f,
    0xfc, 0x1, 0x23, 0x5f, 0x75, 0x3, 0xdd, 0x6e,
    0x80, 0x3, 0x6e, 0xa6, 0x1, 0xf8, 0xc0, 0x3,
    0x90, 0xd9, 0xfe, 0x91, 0xff, 0xb1, 0x0, 0x23,
    0x7, 0xee, 0xa0, 0x7b, 0xb2, 0x80, 0x46, 0x45,
    0xc2, 0x4, 0x5c, 0x60, 0xd, 0xdf, 0x40, 0xee,
    0xf6, 0x18, 0x77, 0xff, 0xff, 0x4, 0xc0,

    /* U+662F "是" */
    0x0, 0x37, 0xff, 0xf0, 0x7, 0x18, 0xf7, 0x7a,
    0x44, 0x3, 0xc3, 0xdd, 0xe9, 0x0, 0xf8, 0x7f,
    0xfd, 0x42, 0x1, 0xc6, 0x3d, 0xde, 0xb0, 0xf,
    0x37, 0x7f, 0xfd, 0xc0, 0x14, 0xf7, 0x3f, 0xff,
    0xbb, 0xd2, 0x33, 0xf7, 0xfd, 0x61, 0xff, 0xda,
    0x82, 0x43, 0x8e, 0x22, 0x0, 0xc6, 0x4, 0x1,
    0x28, 0x20, 0x0, 0x7f, 0xec, 0xa0, 0xd, 0x1,
    0xe6, 0x3, 0xdd, 0xac, 0x2, 0x92, 0xda, 0xca,
    0x15, 0x44, 0xca, 0x8e, 0xd4, 0x4f, 0xd0, 0xb1,
    0x57, 0x75, 0x3, 0xe2, 0x80, 0x5, 0xab, 0x7b,
    0xff, 0x20,

    /* U+6709 "有" */
    0x0, 0xff, 0xe5, 0x1f, 0x98, 0x7, 0xff, 0x5,
    0x0, 0xc0, 0x3f, 0x3f, 0xfe, 0x80, 0xff, 0xf8,
    0x41, 0xb7, 0xb9, 0x41, 0x7d, 0xde, 0xd1, 0x1,
    0x21, 0x14, 0x1a, 0x8, 0xf8, 0x80, 0x3a, 0x8,
    0xff, 0xfd, 0x40, 0x1c, 0xae, 0x3f, 0xfe, 0x50,
    0xe, 0x5a, 0x10, 0x33, 0xf0, 0x80, 0x68, 0xa7,
    0x91, 0xff, 0xf2, 0x80, 0x61, 0xa8, 0x1, 0xcc,
    0xf2, 0x0, 0x69, 0x50, 0x0, 0xff, 0xf9, 0x40,
    0x3f, 0xf, 0xff, 0x94, 0x3, 0xff, 0x82, 0x26,
    0xc6, 0x1, 0xff, 0xc0, 0x3c, 0x1a, 0x0, 0xf3,
    0xf0, 0x6, 0x2f, 0xd3, 0x0, 0x0,

    /* U+672A "未" */
    0x0, 0xfb, 0xd4, 0x3, 0xff, 0x84, 0x20, 0x1f,
    0xe3, 0x22, 0xc0, 0x64, 0x51, 0x88, 0x6, 0xef,
    0xfc, 0x31, 0xff, 0x6a, 0x80, 0x6d, 0xde, 0x1b,
    0xdd, 0xb9, 0x0, 0x3f, 0xf8, 0xc5, 0xff, 0xe1,
    0xaf, 0xfe, 0x90, 0x2e, 0xff, 0xa8, 0x2, 0x8f,
    0xfb, 0xa4, 0x0, 0x20, 0x1, 0xb8, 0x17, 0x84,
    0x0, 0x8, 0x7, 0x16, 0x23, 0x86, 0xc5, 0xa0,
    0x7, 0x93, 0x1a, 0x80, 0x27, 0x75, 0xc0, 0x4,
    0x33, 0x6f, 0x60, 0x1d, 0x12, 0xff, 0x20, 0x2,
    0xa9, 0x0, 0x84, 0x2, 0x6e, 0x7f, 0x1, 0xb5,
    0x0, 0xe3, 0x0, 0x86, 0x18, 0x0,

    /* U+672C "本" */
    0x0, 0xfb, 0x9c, 0x3, 0xff, 0x82, 0x62, 0x1,
    0xff, 0xca, 0xcf, 0xfe, 0x29, 0xff, 0xe6, 0xe,
    0xde, 0xe6, 0x0, 0x4d, 0xdd, 0x6b, 0x81, 0x10,
    0x44, 0x86, 0x4a, 0xe2, 0x31, 0x8, 0x7, 0x4c,
    0x83, 0x1, 0x40, 0x3f, 0x41, 0xa8, 0x2, 0x20,
    0x1, 0xf1, 0x3c, 0x0, 0x4c, 0x12, 0x1, 0xc3,
    0xe8, 0xa0, 0x1b, 0x9a, 0x0, 0x21, 0xd0, 0xf4,
    0x41, 0xfa, 0x34, 0xbd, 0x89, 0xf9, 0x7e, 0x44,
    0x5, 0x22, 0xb, 0x69, 0x6, 0xf8, 0x51, 0x98,
    0x2b, 0xcd, 0x34, 0xd9, 0x9, 0x20, 0xc, 0x62,
    0x1, 0x88, 0x3, 0xff, 0x88,

    /* U+673A "机" */
    0x0, 0xb9, 0xc0, 0x3f, 0xf8, 0x46, 0x20, 0x2,
    0xff, 0xcc, 0x1, 0xff, 0xc0, 0xde, 0x20, 0xc,
    0x5b, 0xa2, 0x8d, 0x90, 0x1, 0x8, 0x7, 0x17,
    0x48, 0x4f, 0xd8, 0x7, 0xf8, 0xc8, 0x4, 0x88,
    0x1, 0xff, 0x50, 0x6d, 0x0, 0x7f, 0xc4, 0x62,
    0x6a, 0xc2, 0x1, 0xfd, 0xa, 0x7d, 0x6, 0xc4,
    0x1, 0xf1, 0xaf, 0x0, 0x1d, 0x49, 0x80, 0x3f,
    0x2a, 0x0, 0x6c, 0xc0, 0x7, 0xc7, 0x40, 0x18,
    0x91, 0x40, 0x31, 0x38, 0x6, 0x30, 0x7, 0x29,
    0x0, 0x5c, 0xf0, 0x1, 0xe4, 0x1b, 0x0, 0x91,
    0xe9, 0x80, 0x37, 0x32, 0x68, 0x80, 0x53, 0xfe,
    0x90,

    /* U+6765 "来" */
    0x0, 0xfb, 0xd8, 0x3, 0xff, 0x84, 0x26, 0x1,
    0xf9, 0x3f, 0xf8, 0x6b, 0xff, 0x58, 0x4, 0x9b,
    0xac, 0xee, 0xc, 0xf6, 0xd6, 0xc8, 0x6, 0x2a,
    0xf1, 0x10, 0x18, 0xad, 0x91, 0x0, 0x3a, 0x9,
    0xc0, 0x21, 0x9b, 0x0, 0xe1, 0x1a, 0xcc, 0x40,
    0xc9, 0xd0, 0x46, 0x2, 0xee, 0xaa, 0xf8, 0x67,
    0x1b, 0xba, 0xa0, 0x2e, 0xff, 0x9c, 0xc4, 0x8f,
    0xff, 0x58, 0x0, 0x40, 0xc, 0xfc, 0x10, 0x18,
    0x20, 0x1f, 0x4c, 0xb0, 0x80, 0x18, 0x1e, 0xc0,
    0x19, 0x31, 0xf0, 0xc0, 0x36, 0x3c, 0xf4, 0x0,
    0xd0, 0x79, 0x80, 0x7a, 0x6c, 0xb4, 0x7, 0xf0,
    0x40, 0x21, 0x30, 0x9, 0x31, 0x40,

    /* U+677F "板" */
    0x0, 0xb9, 0x0, 0x3c, 0x6d, 0x60, 0x1c, 0x60,
    0x15, 0xef, 0xfb, 0xb4, 0x8c, 0x3, 0xf2, 0xc7,
    0x7e, 0xdc, 0x98, 0x2, 0xe8, 0xa2, 0xcc, 0xc2,
    0x20, 0xf, 0xb7, 0x40, 0x9a, 0x41, 0x39, 0x9c,
    0x1, 0x31, 0x6, 0x30, 0x9b, 0x87, 0xf9, 0x4,
    0x3, 0x78, 0x6b, 0x0, 0x3c, 0xce, 0x7, 0x0,
    0x85, 0x40, 0xa0, 0x5, 0xc4, 0xc0, 0xf4, 0x2,
    0x85, 0x2f, 0x33, 0x1, 0xa5, 0x82, 0x28, 0x0,
    0xda, 0x40, 0x1a, 0x23, 0x4b, 0x30, 0x88, 0x1,
    0x31, 0x80, 0x48, 0xa0, 0x65, 0x30, 0x1, 0x1c,
    0x80, 0x6d, 0x30, 0x3, 0x3, 0x0, 0x7e, 0x34,
    0xa0, 0x74, 0x6c, 0x40, 0xe, 0x31, 0xe5, 0x3b,
    0x9d, 0x97, 0xb9, 0x0, 0xf5, 0x5c, 0xb6, 0x18,
    0x44, 0x80, 0x77, 0x2b, 0x8c, 0x69, 0x0, 0x4d,
    0x20,

    /* U+67B6 "架" */
    0x0, 0xd8, 0x60, 0x1f, 0xfc, 0x2, 0x21, 0xb9,
    0x10, 0x15, 0x9b, 0x8, 0x0, 0xf3, 0x1, 0x3f,
    0xa5, 0x1b, 0xfe, 0x93, 0x0, 0x1f, 0x50, 0xee,
    0x1, 0x8f, 0xcc, 0x80, 0x3d, 0xa8, 0x1, 0xff,
    0xc1, 0x26, 0xf0, 0x50, 0x11, 0xe0, 0xc, 0x98,
    0xaa, 0x9b, 0x40, 0x1b, 0xff, 0x8, 0x5, 0x8f,
    0x41, 0x19, 0x87, 0xce, 0xec, 0x40, 0xb, 0xa3,
    0x31, 0x7, 0x69, 0x9f, 0x20, 0x2, 0x7e, 0x22,
    0xc6, 0x5d, 0x88, 0xe1, 0xa, 0xcb, 0xb6, 0x82,
    0xb0, 0x7d, 0xdd, 0x82, 0x1, 0xa6, 0x30, 0x87,
    0x2a, 0x4, 0x3, 0xb, 0x72, 0xe1, 0x80, 0xb,
    0x13, 0xa5, 0x0, 0x19, 0x10, 0xc2, 0x0, 0xc5,
    0x92, 0x92, 0x0, 0xfe, 0x60, 0xc, 0x20, 0x13,
    0x6e, 0x0,

    /* U+67E5 "查" */
    0x0, 0xfa, 0xa0, 0x3, 0xff, 0x99, 0x1f, 0xfc,
    0xaf, 0xff, 0xce, 0x0, 0x9d, 0xee, 0x21, 0xab,
    0x13, 0x77, 0x35, 0x80, 0x2, 0x42, 0xcb, 0xc0,
    0x3e, 0xf2, 0x24, 0x20, 0x1a, 0x63, 0x48, 0x0,
    0x5a, 0xda, 0xc2, 0x0, 0x8e, 0x7a, 0x3, 0x11,
    0x18, 0x53, 0x4f, 0x88, 0x2, 0x21, 0x5f, 0xe7,
    0x5f, 0xf5, 0xee, 0xa8, 0x42, 0x18, 0xf, 0xbb,
    0xc6, 0x4, 0x80, 0x1c, 0x7d, 0xde, 0x30, 0xf,
    0xc7, 0xbb, 0xe3, 0x0, 0xfc, 0x5f, 0xfe, 0x20,
    0xe, 0x11, 0x3f, 0xff, 0xe7, 0x11, 0x0, 0x23,
    0xbb, 0xff, 0x81, 0xe0,

    /* U+6821 "校" */
    0x0, 0xff, 0x8, 0x7, 0xee, 0x50, 0xc, 0xf8,
    0x1, 0xff, 0xc2, 0x71, 0x20, 0xf, 0xf6, 0xf7,
    0x45, 0x9d, 0xd0, 0x8b, 0x70, 0x62, 0xbf, 0xff,
    0x60, 0x8a, 0x68, 0x2a, 0x48, 0x71, 0x84, 0xf4,
    0x88, 0x0, 0x41, 0x2, 0x30, 0xb0, 0x60, 0x25,
    0xc5, 0x0, 0xa8, 0x39, 0xdc, 0xbe, 0x20, 0x9,
    0x6f, 0x0, 0x21, 0x88, 0xa5, 0xb6, 0xc0, 0x7,
    0xb7, 0x40, 0x8, 0x60, 0xf9, 0x13, 0x64, 0x9,
    0x12, 0x0, 0x21, 0xd0, 0x1, 0xc0, 0xf, 0x26,
    0xbe, 0x1, 0x25, 0x90, 0x7, 0x40, 0x63, 0x98,
    0x6, 0x40, 0xf, 0x21, 0x81, 0x8, 0x7, 0xf2,
    0x55, 0xce, 0xbf, 0xca, 0x0, 0x7a, 0x2c, 0x35,
    0xcb, 0x61, 0x3c, 0x3, 0x72, 0xc7, 0x51, 0x0,
    0x4d, 0xb6, 0x0,

    /* U+695A "楚" */
    0x0, 0xde, 0x40, 0x1b, 0x18, 0x3, 0xff, 0x84,
    0x60, 0x1a, 0x7f, 0xc1, 0xbe, 0xfd, 0xe7, 0x5f,
    0xe8, 0x9, 0xf4, 0xc, 0xb7, 0xe8, 0x7, 0x9f,
    0x80, 0x1b, 0x10, 0x6a, 0x56, 0xa2, 0xb, 0x90,
    0x7, 0x8d, 0x3, 0xef, 0xde, 0xf, 0x62, 0xb0,
    0x6d, 0x2, 0x99, 0xb3, 0x2, 0x84, 0x38, 0xc0,
    0xdf, 0xe5, 0xef, 0x9e, 0xf7, 0xbf, 0xc0, 0x2,
    0xff, 0xb7, 0xfc, 0x75, 0xff, 0x1d, 0x80, 0x62,
    0xd4, 0x0, 0xf7, 0xb0, 0x6, 0x82, 0x40, 0x5,
    0x7f, 0xd4, 0x20, 0x13, 0x2b, 0x40, 0x2, 0xbf,
    0xe9, 0x0, 0x9a, 0x6e, 0xc1, 0xc5, 0x8a, 0x89,
    0x2a, 0x83, 0x2d, 0x2, 0x3e, 0x4e, 0x2a, 0xed,
    0x5a,

    /* U+6A21 "模" */
    0x0, 0xbc, 0xc0, 0x29, 0x80, 0x98, 0x0, 0xfe,
    0xbb, 0x3a, 0xdb, 0xad, 0xd0, 0x7, 0xd3, 0x27,
    0x49, 0x44, 0x4c, 0x0, 0x19, 0x81, 0x6c, 0x44,
    0xaa, 0x17, 0x51, 0x10, 0x1, 0x98, 0x3, 0xc1,
    0xfd, 0xd7, 0x56, 0xf9, 0x80, 0x2b, 0x82, 0x28,
    0x1, 0xdd, 0xc4, 0x1, 0xb8, 0x28, 0x80, 0x1d,
    0xdc, 0x40, 0x11, 0x28, 0x3, 0x80, 0x1d, 0xdc,
    0x40, 0x14, 0x30, 0x53, 0x90, 0xf7, 0x3f, 0xb8,
    0x60, 0x4, 0x44, 0x0, 0x2c, 0xfb, 0x94, 0x5d,
    0xd1, 0x82, 0x78, 0x80, 0x5d, 0xd5, 0x97, 0xf7,
    0x3c, 0x0, 0x20, 0x1b, 0xb9, 0xe2, 0xe3, 0x7d,
    0xe0, 0x1f, 0x9b, 0xe6, 0x36, 0xe4, 0x40, 0x3c,
    0x9f, 0xba, 0x70, 0x3f, 0x2e, 0x20, 0xb, 0xcd,
    0x3a, 0xcc, 0x2, 0x1b, 0xf2,

    /* U+6A2A "横" */
    0x0, 0xff, 0x84, 0x3, 0xc5, 0xe0, 0x1b, 0xd0,
    0x34, 0xc0, 0x3c, 0x20, 0x7, 0x70, 0x6b, 0xd,
    0xb9, 0x0, 0x7f, 0xc2, 0x1, 0xeb, 0xe1, 0xb4,
    0x77, 0x6, 0xb8, 0xd3, 0x90, 0x3, 0xd4, 0x20,
    0xb3, 0x1, 0x38, 0x7f, 0x9a, 0x20, 0x86, 0x26,
    0xdb, 0xae, 0x80, 0xec, 0xdf, 0x10, 0x2, 0x2,
    0x85, 0x66, 0x2c, 0xf3, 0x1a, 0x40, 0x5, 0x31,
    0x85, 0x7e, 0xdb, 0x3d, 0xc2, 0x0, 0xa2, 0x87,
    0x80, 0x1f, 0x72, 0x57, 0x40, 0x12, 0x2, 0x81,
    0xa8, 0x45, 0x49, 0x54, 0x80, 0x49, 0xe0, 0x1d,
    0xf7, 0x25, 0x70, 0x20, 0x11, 0x0, 0x6e, 0x8d,
    0xfd, 0xcc, 0x80, 0x3f, 0x14, 0x40, 0x4f, 0xe5,
    0x80, 0x3e, 0x4d, 0x5b, 0x20, 0x97, 0xa7, 0x0,
    0xc2, 0x4, 0x9e, 0x80, 0x14, 0x49, 0x80, 0x45,
    0xe0, 0xd2, 0x20, 0x1c, 0xc8, 0x0,

    /* U+6B21 "次" */
    0x0, 0xf9, 0x24, 0x3, 0xf1, 0xb0, 0x6, 0xd5,
    0x0, 0xfc, 0xd2, 0x80, 0x13, 0xd0, 0x8f, 0x0,
    0x4a, 0xd4, 0x20, 0xc3, 0x3d, 0xdc, 0x60, 0x14,
    0x9d, 0x85, 0xc7, 0xfe, 0x91, 0x30, 0xd, 0xf4,
    0xe6, 0xe5, 0x24, 0x1a, 0xe0, 0x1c, 0x41, 0xd6,
    0x0, 0x60, 0x0, 0xe8, 0x7, 0x12, 0xca, 0x80,
    0x80, 0x54, 0x80, 0x1d, 0x32, 0x0, 0x94, 0x1c,
    0x3, 0xe3, 0x4f, 0x0, 0xb4, 0x78, 0x3, 0xef,
    0x63, 0x0, 0x1a, 0x62, 0xb0, 0x7, 0x39, 0x40,
    0x0, 0xb6, 0xa, 0xe5, 0x40, 0x22, 0x88, 0x8,
    0x2e, 0x3b, 0x81, 0x62, 0xa4, 0x40, 0xad, 0x87,
    0x2a, 0x64, 0x1, 0x3d, 0x37, 0x88, 0x20, 0xd,
    0xeb, 0x80, 0x72, 0xf5, 0x88,

    /* U+6B63 "正" */
    0x1, 0x55, 0xff, 0x98, 0x40, 0xe6, 0x7a, 0x2a,
    0x67, 0x59, 0x81, 0x66, 0x74, 0xe, 0x66, 0xd2,
    0x0, 0xff, 0xe3, 0x52, 0x0, 0x7f, 0xf0, 0x50,
    0x80, 0x21, 0x44, 0xe0, 0xf, 0xf4, 0x46, 0xf0,
    0xf, 0xe1, 0xcc, 0xd6, 0x1, 0xff, 0xe2, 0x14,
    0x30, 0xe3, 0x31, 0x9, 0x9e, 0x43, 0x5a, 0xd0,
    0x6d, 0xd4, 0x8e, 0xee, 0xa8,

    /* U+6CA1 "没" */
    0x0, 0x31, 0x0, 0x7f, 0xf0, 0x77, 0x4a, 0x7,
    0xff, 0xca, 0x1, 0xae, 0x29, 0x0, 0x7f, 0xe1,
    0x10, 0x4, 0x20, 0xf8, 0x8c, 0x60, 0x1f, 0xbe,
    0x40, 0xc3, 0xd0, 0x3, 0x18, 0x88, 0x31, 0x30,
    0x65, 0x20, 0x2, 0x78, 0xeb, 0x2, 0xcb, 0x1e,
    0xc1, 0x0, 0xa7, 0xfd, 0x40, 0x1, 0x70, 0x5d,
    0xff, 0xf1, 0x80, 0x67, 0x82, 0xd0, 0xdf, 0xf3,
    0x99, 0x80, 0x35, 0x78, 0x12, 0xc0, 0xb, 0xf8,
    0x6, 0x53, 0x70, 0x5, 0xa4, 0x6b, 0x18, 0x6,
    0xb9, 0x0, 0x86, 0xdc, 0xa0, 0x3, 0x40, 0x38,
    0x1, 0x2a, 0x8e, 0xbf, 0x4, 0x0, 0x36, 0x2,
    0xfb, 0xd, 0x8b, 0xb2, 0xec, 0x5, 0xc0, 0x15,
    0x75, 0x10, 0x1, 0x76, 0xe4,

    /* U+6CE2 "波" */
    0x0, 0x10, 0x7, 0x97, 0x40, 0x3c, 0x5b, 0x64,
    0x1, 0xff, 0xc0, 0x2d, 0x79, 0x1e, 0xea, 0xcb,
    0xba, 0x70, 0x8, 0xb2, 0x84, 0x55, 0x90, 0x59,
    0xa2, 0x60, 0xb, 0x60, 0x10, 0x3, 0x11, 0x81,
    0x9, 0xa8, 0x3, 0x27, 0x4, 0x3, 0xe2, 0xc1,
    0x0, 0x3e, 0xa8, 0x80, 0x37, 0xe8, 0xbf, 0xd6,
    0x1, 0x8a, 0x40, 0x42, 0xc3, 0x7b, 0x83, 0x80,
    0x1d, 0x32, 0x21, 0x42, 0x61, 0x51, 0x60, 0xc,
    0x6d, 0xa8, 0xa1, 0x50, 0x10, 0xc2, 0x1, 0xb9,
    0x92, 0xb4, 0x1c, 0xac, 0xe0, 0x3, 0x58, 0x4a,
    0x93, 0x80, 0x1d, 0x18, 0x40, 0x22, 0x49, 0x2b,
    0x81, 0x15, 0x33, 0xb6, 0x28, 0x0, 0xb5, 0xe,
    0x52, 0x78, 0x3a, 0x39, 0x6b, 0x84, 0x8, 0x5,
    0xcb, 0xb9, 0x42, 0x3, 0x3f, 0xa2,

    /* U+6D4B "测" */
    0x2, 0x30, 0xf, 0xf1, 0xc8, 0x2e, 0x39, 0x5d,
    0xf0, 0x4, 0xee, 0x7, 0xab, 0x14, 0xff, 0x72,
    0x4, 0x90, 0x6, 0x5c, 0x11, 0x20, 0xb8, 0x1,
    0xc4, 0x2, 0x71, 0x0, 0x86, 0x84, 0x3, 0xec,
    0xf3, 0x0, 0x8, 0x8, 0x7, 0xd6, 0x8a, 0x1,
    0xff, 0xc1, 0xa6, 0x0, 0x8, 0x18, 0x7, 0xe1,
    0xb1, 0x2, 0x10, 0x0, 0x80, 0x79, 0x94, 0x51,
    0x48, 0x54, 0x40, 0x3d, 0x52, 0x55, 0xa8, 0xb4,
    0x1, 0xe6, 0x37, 0x3, 0x4d, 0xa6, 0xe, 0x30,
    0x0, 0xc3, 0x0, 0x3d, 0x16, 0xa4, 0x80, 0x31,
    0x94, 0x84, 0x9c, 0x82, 0xa2, 0x3, 0x28, 0x89,
    0x82, 0x17, 0x84, 0x0, 0xb6, 0xa, 0xbd,

    /* U+6E05 "清" */
    0x0, 0x10, 0x7, 0xbd, 0x80, 0x38, 0xf5, 0xc2,
    0x2a, 0xa0, 0xaa, 0xc4, 0x7, 0x92, 0xd9, 0xdd,
    0x2, 0x77, 0x46, 0x0, 0x3f, 0x60, 0x98, 0x80,
    0x2c, 0x42, 0x40, 0x10, 0x22, 0x5, 0xee, 0x86,
    0xfb, 0xa1, 0x11, 0xf3, 0xa6, 0xff, 0x70, 0x6f,
    0xb9, 0xf6, 0x37, 0x20, 0xbf, 0xdd, 0x6f, 0xf7,
    0x3e, 0x0, 0xc, 0xe2, 0x7f, 0xbb, 0xf1, 0x80,
    0x48, 0x20, 0x75, 0xff, 0xa8, 0x3, 0xa5, 0x0,
    0x17, 0xdd, 0xac, 0x3, 0x21, 0xa8, 0x2, 0xff,
    0xf4, 0x0, 0x68, 0x90, 0xa, 0xbb, 0xb4, 0x80,
    0x4c, 0x6e, 0x1, 0x57, 0xfe, 0xa0, 0xa, 0x1c,
    0x3, 0xf2, 0x70, 0x5, 0x52, 0x1, 0xf9, 0x96,
    0x40, 0x8, 0x20, 0x17, 0x28, 0x4, 0x5c, 0xe0,

    /* U+6E90 "源" */
    0x0, 0x8, 0x7, 0xff, 0x9, 0xfd, 0x3, 0xbf,
    0xff, 0x80, 0xf, 0x36, 0x21, 0x5d, 0xcb, 0x7e,
    0xec, 0x1, 0x3f, 0x9, 0x80, 0x17, 0xcd, 0x56,
    0x10, 0x1a, 0x21, 0x0, 0x96, 0xc0, 0x1f, 0x16,
    0x1, 0xb6, 0x0, 0xc0, 0x3, 0x77, 0x40, 0x4,
    0x35, 0x7a, 0x1, 0x87, 0xfe, 0xb0, 0xe, 0x45,
    0x1, 0x10, 0xf, 0xfd, 0x60, 0x1d, 0x2e, 0x0,
    0x70, 0x1f, 0xfa, 0xc0, 0x39, 0x0, 0x80, 0x93,
    0xfc, 0x37, 0xfe, 0x0, 0x88, 0x8a, 0xe2, 0x24,
    0x50, 0x9, 0x14, 0x2, 0xa3, 0x2e, 0x40, 0x9e,
    0x0, 0x8a, 0x90, 0x0, 0xd6, 0x88, 0xea, 0xb,
    0x0, 0x99, 0x94, 0x26, 0x65, 0x94, 0x67, 0xf0,
    0x81, 0x70, 0x98, 0x13, 0xd2, 0xfa, 0x2d, 0x20,
    0x4, 0x18, 0x1, 0x80,

    /* U+6ED1 "滑" */
    0x0, 0xff, 0xe2, 0xa6, 0x10, 0xf, 0xff, 0xc4,
    0x1, 0x2b, 0xe1, 0x8, 0x77, 0xfe, 0x3, 0x0,
    0x86, 0xe4, 0x80, 0x1b, 0x98, 0x90, 0xf, 0x8,
    0x38, 0x5, 0x1f, 0x4a, 0x1, 0xc9, 0xe6, 0x2,
    0x40, 0xc4, 0x60, 0x20, 0x42, 0xc, 0xb8, 0x7d,
    0x83, 0x9f, 0x65, 0xe3, 0xbc, 0x25, 0x72, 0x63,
    0x9d, 0xdf, 0x78, 0x8, 0x1, 0x81, 0x8f, 0xbb,
    0xde, 0x2e, 0x1, 0x3d, 0x40, 0x9d, 0x77, 0x54,
    0x21, 0x0, 0x15, 0x60, 0x5, 0x7f, 0xf5, 0x80,
    0x72, 0x13, 0x80, 0x57, 0xff, 0x58, 0x7, 0x7a,
    0x88, 0x5, 0x7f, 0xf5, 0x80, 0x65, 0x4e, 0x0,
    0xd7, 0xff, 0x58, 0x6, 0x63, 0x40, 0xf, 0x8f,
    0xc0, 0x31, 0xe0, 0x6, 0x30, 0x8, 0x56, 0x40,
    0x20,

    /* U+706F "灯" */
    0x0, 0xc2, 0x1, 0xff, 0xc2, 0x1e, 0x30, 0xf,
    0xfe, 0x19, 0x7, 0xf7, 0x7c, 0x80, 0x1c, 0x21,
    0x99, 0x86, 0xf3, 0xa, 0xe, 0xa0, 0x13, 0xb8,
    0x8a, 0x1, 0x22, 0x8, 0x61, 0x98, 0x26, 0x4,
    0x3, 0xf9, 0x88, 0x41, 0x79, 0x40, 0x3f, 0x89,
    0x9c, 0x70, 0x40, 0x3f, 0x85, 0xc8, 0xa0, 0xf,
    0xf8, 0x60, 0x3c, 0x88, 0x1, 0xff, 0xc1, 0x43,
    0xc2, 0x0, 0xff, 0x8c, 0xb1, 0x70, 0x80, 0x3f,
    0xd0, 0xa3, 0x67, 0xc0, 0x1f, 0xcc, 0x90, 0x0,
    0xff, 0x0, 0x98, 0x38, 0x4, 0x30, 0xe4, 0x0,
    0x23, 0x8, 0xc0, 0x20, 0x8, 0x7e, 0x0, 0x3d,
    0x76, 0xf1, 0x0, 0x80,

    /* U+7075 "灵" */
    0x0, 0xff, 0xe3, 0x57, 0xff, 0xf8, 0x80, 0x35,
    0xee, 0xff, 0x0, 0x78, 0x40, 0xcf, 0xe0, 0xf,
    0xdb, 0xff, 0xf6, 0x0, 0x7d, 0xfd, 0xdf, 0x78,
    0x7, 0xa7, 0xfb, 0xbe, 0xf0, 0xf, 0x47, 0x7f,
    0xd7, 0xbf, 0xf7, 0x10, 0x6, 0x19, 0x51, 0x14,
    0x48, 0x88, 0xe4, 0x40, 0x30, 0xb8, 0x80, 0x8,
    0x80, 0xb, 0x41, 0x0, 0xd0, 0x4a, 0x8, 0xc,
    0x2, 0xd0, 0x1, 0xd1, 0xc0, 0x8, 0x33, 0x50,
    0xda, 0x0, 0x70, 0x98, 0xd9, 0x77, 0x13, 0x0,
    0x3c, 0x4b, 0x5c, 0xd8, 0x47, 0x81, 0x7b, 0x2c,
    0x21, 0xf4, 0xd5, 0xa4, 0x0, 0x2c, 0xa6, 0x64,
    0x8, 0x77, 0x31, 0x40, 0x3c, 0xb7, 0xf8, 0x0,

    /* U+70B9 "点" */
    0x0, 0xf0, 0xfa, 0x0, 0x7f, 0xf4, 0xef, 0xff,
    0x94, 0x3, 0xfa, 0xbb, 0xb6, 0xa8, 0x6, 0x11,
    0x80, 0x2, 0x1, 0x88, 0x3, 0xbb, 0xb0, 0x5f,
    0x76, 0x0, 0xfa, 0xbf, 0xfd, 0x60, 0x1f, 0xfd,
    0xca, 0xff, 0xf5, 0x80, 0x78, 0xbb, 0xbf, 0xc0,
    0x1d, 0x92, 0x36, 0x42, 0x5a, 0x22, 0x6b, 0x0,
    0x94, 0x64, 0x6, 0x40, 0x88, 0xe0, 0x88, 0x50,
    0x4, 0x30, 0x87, 0x28, 0x89, 0xa4, 0xd, 0xac,
    0x1, 0x30, 0x0, 0x5c, 0x10, 0x9c, 0x0, 0x46,
    0x80,

    /* U+710A "焊" */
    0x0, 0xa0, 0xc0, 0x3f, 0xf8, 0x4c, 0xc0, 0x1f,
    0xff, 0x80, 0x3e, 0x21, 0xd, 0xff, 0xb0, 0x3,
    0x41, 0x6, 0xe2, 0x6, 0xff, 0xd8, 0x1, 0x9c,
    0x0, 0x98, 0x81, 0xbf, 0xf6, 0x0, 0x42, 0x6,
    0x10, 0x42, 0x19, 0xdd, 0x68, 0x4, 0x60, 0x22,
    0x70, 0x1e, 0xff, 0xee, 0x0, 0x1b, 0x80, 0x1c,
    0x5, 0x57, 0xe3, 0x1, 0x82, 0xb, 0x32, 0xff,
    0xaf, 0xfe, 0xa0, 0x9, 0xd, 0xf4, 0xee, 0xd4,
    0x15, 0x76, 0x90, 0xb, 0x52, 0x2b, 0xb7, 0x58,
    0x19, 0xbb, 0x20, 0x1a, 0x50, 0x26, 0x65, 0xe1,
    0xf9, 0x8f, 0x40, 0xe4, 0x20, 0x1, 0x8, 0x8c,
    0xc, 0x44, 0x40, 0x47, 0x20, 0x1f, 0xfc, 0x12,
    0xe2, 0x0, 0xff, 0xe0, 0x80,

    /* U+7269 "物" */
    0x0, 0xff, 0xe3, 0x8f, 0x98, 0x1, 0x3c, 0xc0,
    0x3f, 0x8, 0x6, 0xd3, 0x30, 0x7, 0x9b, 0x0,
    0x39, 0xd9, 0xbc, 0x21, 0xce, 0x40, 0xc2, 0xe0,
    0xd1, 0xb3, 0xb2, 0x40, 0x6b, 0xe1, 0x75, 0x17,
    0x64, 0x80, 0xa0, 0x10, 0x5d, 0xd0, 0x6e, 0x8d,
    0x73, 0x58, 0x40, 0x6, 0x82, 0x60, 0x13, 0x60,
    0xa2, 0x91, 0xc, 0x5, 0x38, 0x3, 0x10, 0x49,
    0x96, 0xb0, 0x80, 0x42, 0x6, 0x1b, 0x86, 0xf0,
    0x9, 0x8e, 0x0, 0x2c, 0xfd, 0x8, 0xdd, 0x2a,
    0x20, 0x5c, 0x44, 0x4, 0xb9, 0xc0, 0xa7, 0x34,
    0x10, 0xc2, 0x1, 0xa4, 0xc0, 0x33, 0x83, 0x94,
    0x1, 0x98, 0x3, 0xf9, 0xe2, 0x84, 0x38, 0x40,
    0x3e, 0x1c, 0x8b, 0x4a, 0xb7, 0xb0, 0xc, 0x20,
    0x1, 0x9d, 0x40, 0xd3, 0xb7, 0x0,

    /* U+7279 "特" */
    0x0, 0x93, 0xc0, 0x3b, 0x94, 0x3, 0xe7, 0x0,
    0x84, 0x88, 0x66, 0x22, 0x8, 0x1, 0xe8, 0x4,
    0x0, 0xd9, 0x82, 0x8c, 0xc4, 0x80, 0x34, 0x80,
    0x2, 0xf, 0xdc, 0x2a, 0xee, 0x40, 0x1, 0xdb,
    0x7, 0xa0, 0x3, 0xf8, 0x4b, 0xb0, 0x7e, 0x3f,
    0xe2, 0xbf, 0xf9, 0x8d, 0x80, 0x3b, 0xbf, 0xf0,
    0xdf, 0x31, 0x48, 0x0, 0x5d, 0x84, 0x3, 0x9c,
    0x40, 0x25, 0x80, 0xc5, 0xef, 0xfc, 0x39, 0xe8,
    0x3f, 0x62, 0x2b, 0x3f, 0xee, 0xc3, 0x7c, 0x83,
    0x7d, 0x20, 0x10, 0xd1, 0x8, 0x81, 0xc4, 0x0,
    0x80, 0x1f, 0x50, 0x7, 0xff, 0xb, 0xc4, 0x3,
    0xfc, 0x20, 0x12, 0x42, 0xb8, 0x80, 0x79, 0xc0,
    0x3c, 0x52, 0xc6, 0x1, 0xc9, 0xe0, 0x1c, 0xfd,
    0x20, 0x10,

    /* U+72B6 "状" */
    0x0, 0xdc, 0xc0, 0x12, 0xc0, 0x7, 0xf1, 0x80,
    0x6d, 0x60, 0x80, 0x8, 0x58, 0x3, 0xf1, 0x1,
    0xe0, 0x0, 0xe1, 0x80, 0x3d, 0xe0, 0xb, 0x73,
    0x2, 0xa9, 0x10, 0x0, 0x8d, 0xe0, 0x22, 0xa1,
    0x0, 0x26, 0x8, 0x3, 0x7b, 0x8e, 0x7d, 0xd6,
    0x0, 0x46, 0x6, 0x19, 0xfe, 0x60, 0xff, 0xb8,
    0x3, 0x40, 0x80, 0x65, 0x3, 0x0, 0xf3, 0x30,
    0x40, 0x31, 0x95, 0x80, 0x73, 0x4e, 0x98, 0x4,
    0x83, 0x6a, 0x1, 0x8a, 0x64, 0x60, 0x1b, 0xdd,
    0xc4, 0x80, 0x11, 0x6b, 0x0, 0x64, 0x45, 0xb,
    0x48, 0x6, 0x20, 0x1, 0x80, 0xca, 0x98, 0x49,
    0xe0, 0x80, 0x7b, 0xb4, 0xec, 0x2, 0xa3, 0xc0,
    0xf, 0x8, 0x68, 0x80, 0x49, 0x7c, 0x0,

    /* U+7387 "率" */
    0x0, 0xf9, 0x58, 0x3, 0xf8, 0x84, 0x76, 0xc0,
    0x8f, 0x80, 0x5, 0xf9, 0xbb, 0x29, 0x6e, 0xec,
    0xb0, 0x1, 0x4f, 0xe6, 0x2c, 0xf7, 0xb3, 0x2a,
    0xa0, 0x5, 0x9a, 0xad, 0x58, 0x5b, 0x5, 0xb8,
    0x40, 0x14, 0x5a, 0x49, 0x6e, 0x3c, 0x1a, 0xd9,
    0x0, 0x64, 0x3c, 0xd2, 0x7b, 0x41, 0xf0, 0xe,
    0x3d, 0xb1, 0xea, 0x84, 0xa3, 0xac, 0x10, 0x3,
    0x65, 0xce, 0x9c, 0xfd, 0x84, 0xeb, 0xc8, 0x1,
    0xb1, 0x83, 0x7e, 0x4f, 0x31, 0x1, 0x70, 0x5,
    0xdc, 0xdd, 0x7e, 0xc9, 0xef, 0xfb, 0x75, 0xc6,
    0x59, 0x9e, 0x63, 0xcc, 0xf1, 0x81, 0x8, 0xf7,
    0x80, 0x8f, 0x10, 0x7, 0xff, 0x33, 0xc4, 0x3,
    0xe0,

    /* U+751F "生" */
    0x0, 0xfb, 0xdc, 0x3, 0xf2, 0xf9, 0x80, 0x4,
    0x40, 0x1f, 0xb0, 0x8c, 0x3, 0xff, 0x80, 0xe8,
    0x67, 0x7, 0x19, 0xc8, 0x20, 0x5, 0x17, 0xdd,
    0x85, 0xb7, 0x6a, 0x70, 0x4, 0x2f, 0x76, 0x18,
    0xee, 0xcc, 0xc, 0x50, 0x1, 0xff, 0xc0, 0x6e,
    0x24, 0x33, 0x83, 0x8c, 0xc8, 0x40, 0x10, 0x85,
    0x6e, 0xc2, 0xdb, 0xaa, 0x50, 0xe, 0xee, 0xc3,
    0x1d, 0xd3, 0x80, 0x7f, 0xf5, 0x50, 0xcf, 0x83,
    0x8c, 0xf8, 0x82, 0xbb, 0xb8, 0xd7, 0xbb, 0x6a,
    0x0,

    /* U+7528 "用" */
    0x0, 0x2f, 0xff, 0xfc, 0x0, 0x11, 0x7f, 0xd4,
    0x3f, 0xf5, 0x0, 0x7f, 0xf0, 0x84, 0x2, 0x1e,
    0xea, 0xc7, 0xba, 0xb0, 0xc, 0x3d, 0xd5, 0x8f,
    0x75, 0x60, 0x1f, 0xfd, 0x31, 0x17, 0xfd, 0x43,
    0xff, 0x50, 0x4, 0x65, 0xff, 0x50, 0xff, 0xd4,
    0x1, 0x73, 0x80, 0x7f, 0xf0, 0x17, 0x0, 0x3f,
    0xe3, 0x27, 0x0, 0xc2, 0x0, 0x3d, 0x30, 0xf5,
    0x10, 0xc, 0x40, 0x8, 0x7b, 0xd, 0xb0, 0xc,
    0xba, 0x0, 0xaf, 0x60,

    /* U+7535 "电" */
    0x0, 0xe5, 0xf0, 0xf, 0xfe, 0x61, 0x16, 0x30,
    0x22, 0xe0, 0x9, 0x77, 0x32, 0x80, 0xcc, 0xda,
    0x1, 0xdf, 0xdc, 0xb0, 0xee, 0xa8, 0x3, 0xff,
    0x93, 0xdf, 0xea, 0xf, 0xfa, 0xc0, 0x3d, 0xdf,
    0xea, 0xf, 0xfa, 0xc0, 0x3f, 0xf9, 0x28, 0x96,
    0x82, 0x24, 0x60, 0x1e, 0x98, 0x82, 0x84, 0x45,
    0x66, 0x1, 0xd9, 0x94, 0x6, 0x67, 0x0, 0x4b,
    0xe0, 0x1f, 0xe1, 0xe3, 0x0, 0xe6, 0x5, 0x22,
    0xd2, 0x24, 0x1, 0xc6, 0x97, 0xbb, 0x99, 0xc4,

    /* U+7565 "略" */
    0x0, 0xfc, 0x36, 0x80, 0x1e, 0x11, 0xe0, 0x3,
    0xa3, 0x88, 0xc0, 0x17, 0x67, 0x67, 0x28, 0x58,
    0xf6, 0x7f, 0x0, 0x6f, 0x1f, 0x31, 0x62, 0x5d,
    0xd2, 0xb8, 0x4, 0x20, 0x1b, 0x25, 0xd5, 0x15,
    0x50, 0x1, 0xfb, 0x66, 0x2e, 0xa9, 0xa0, 0x1d,
    0xa3, 0xa6, 0x2c, 0x1a, 0x22, 0x60, 0xe, 0xd1,
    0xd3, 0x16, 0xd5, 0xc6, 0xad, 0x92, 0x0, 0xf6,
    0xca, 0x79, 0x4d, 0xb2, 0x10, 0x7, 0xb3, 0xdf,
    0x3f, 0xd4, 0xba, 0x1, 0x20, 0xa0, 0x80, 0xe,
    0xbb, 0x94, 0x60, 0x10, 0xfb, 0xf1, 0x88, 0x7,
    0xfd, 0x71, 0x6, 0x60, 0x2, 0xbb, 0x94, 0x1,
    0xbc, 0x80, 0x10, 0x60, 0x8, 0xcc, 0x40, 0x7,
    0xfc, 0x64, 0x58, 0xc0, 0x3f, 0xdc, 0x80, 0x4,
    0xe0, 0x0,

    /* U+7684 "的" */
    0x0, 0xff, 0xe2, 0xe, 0x10, 0x4, 0x58, 0x60,
    0x1c, 0xa6, 0x40, 0x12, 0x19, 0x80, 0x38, 0x94,
    0x3, 0x52, 0x99, 0xe4, 0xf9, 0x5f, 0xf2, 0x11,
    0xa6, 0xeb, 0x30, 0x3, 0xdd, 0x8, 0x41, 0xf7,
    0x58, 0x1, 0x8, 0xc1, 0x8b, 0xe0, 0x18, 0x40,
    0x3d, 0xb4, 0xec, 0x0, 0x70, 0x0, 0xf7, 0x42,
    0x25, 0x29, 0x10, 0x1, 0x80, 0xe6, 0x42, 0x0,
    0x61, 0x60, 0xe, 0x22, 0x80, 0x33, 0x50, 0x8,
    0x80, 0x3f, 0xa7, 0x0, 0xdc, 0x0, 0x23, 0x0,
    0x61, 0x10, 0x8, 0x80, 0x7b, 0xa1, 0x0, 0xf6,
    0x90, 0x8b, 0xfe, 0x20, 0x9, 0x33, 0x9e, 0x97,
    0x80, 0x2d, 0x40, 0x2, 0x56, 0xe8, 0x80,

    /* U+771F "真" */
    0x0, 0xff, 0xe5, 0xd5, 0x80, 0x7e, 0x5d, 0xcc,
    0xc8, 0xb9, 0x9b, 0x50, 0x0, 0xb9, 0xbb, 0x82,
    0x37, 0x76, 0x20, 0x4, 0x29, 0x99, 0xc, 0x66,
    0x52, 0x20, 0x1e, 0x3c, 0xc7, 0x7e, 0x61, 0x84,
    0x3, 0xe1, 0xee, 0xf2, 0x0, 0x7e, 0x1d, 0xdf,
    0x20, 0x7, 0xe1, 0xdd, 0xf2, 0x0, 0x7f, 0x4c,
    0xf8, 0xc0, 0x3f, 0xf9, 0x3f, 0xd6, 0x11, 0x1e,
    0x36, 0xee, 0x10, 0x66, 0x5b, 0x35, 0x99, 0x35,
    0xee, 0x69, 0x1, 0x93, 0x74, 0x19, 0x10, 0xa,
    0xf9, 0xcc, 0x0, 0x5d, 0x15, 0xee, 0x0, 0x2a,
    0xe5, 0xa3, 0x0, 0x17, 0xe3, 0x0, 0x78, 0x67,
    0x8c, 0x0,

    /* U+7740 "着" */
    0x0, 0xff, 0xe4, 0xe9, 0x80, 0xb, 0xd0, 0x3,
    0xf9, 0x6c, 0x0, 0x86, 0x80, 0x1d, 0x1d, 0xd3,
    0x33, 0xfa, 0xb, 0xba, 0x60, 0x4, 0x77, 0x6a,
    0xe, 0xef, 0x30, 0x5, 0x7d, 0xd5, 0x87, 0x77,
    0x48, 0x4, 0x37, 0xdc, 0xf1, 0x9e, 0xee, 0x81,
    0x1, 0xfe, 0xec, 0x31, 0xdd, 0xdf, 0xe3, 0x1e,
    0xeb, 0x42, 0x33, 0x3d, 0xdc, 0x30, 0x8, 0xf0,
    0xf2, 0x67, 0xb5, 0x0, 0x34, 0x60, 0x2e, 0xef,
    0x80, 0x30, 0xf2, 0xe8, 0x7, 0xff, 0x0, 0x77,
    0x44, 0xd, 0x33, 0xe0, 0xe, 0x30, 0xa, 0xbf,
    0xfc, 0x1, 0xfd, 0x7d, 0xde, 0x0, 0xfe, 0xbe,
    0xef, 0x0, 0x7e, 0xe5, 0x0, 0xf7, 0xa0, 0x0,

    /* U+77E5 "知" */
    0x0, 0x41, 0x80, 0x7f, 0xc2, 0xe0, 0x1f, 0xfc,
    0x7, 0x22, 0x8, 0x88, 0x6a, 0xbc, 0x14, 0x5d,
    0xd6, 0x9a, 0xef, 0xf8, 0x94, 0xcd, 0xb8, 0x1f,
    0xe2, 0x4, 0x55, 0x68, 0xa3, 0x93, 0x80, 0x7f,
    0x9a, 0x44, 0x84, 0x70, 0x7, 0xbf, 0xb9, 0x23,
    0xdc, 0x90, 0xf, 0x77, 0xf9, 0x5b, 0xfd, 0x0,
    0x1f, 0xc8, 0x60, 0x1f, 0xf3, 0xb, 0xd8, 0x4,
    0xc4, 0x43, 0x0, 0xa1, 0xf4, 0x30, 0x1, 0x7f,
    0xe8, 0x0, 0x49, 0xc0, 0x5b, 0x90, 0x6e, 0xd6,
    0x2c, 0xfe, 0x1, 0x59, 0x30, 0x80, 0x12, 0xdb,
    0x8, 0x3, 0xa4, 0x80, 0x2, 0x80,

    /* U+786E "确" */
    0x0, 0xfc, 0x64, 0x1, 0xff, 0xc1, 0xf8, 0x0,
    0xf5, 0xe6, 0x64, 0x41, 0x8d, 0x54, 0x20, 0x8,
    0x81, 0xcf, 0xb5, 0x44, 0x25, 0x48, 0x40, 0x6,
    0x0, 0x53, 0x94, 0x73, 0x51, 0x80, 0xd, 0x8a,
    0x0, 0xd0, 0xcc, 0x48, 0x66, 0x28, 0x0, 0xc0,
    0xee, 0x61, 0xad, 0x1d, 0xd5, 0x38, 0x40, 0x9f,
    0xc0, 0x81, 0x88, 0x8, 0x8c, 0x11, 0xc2, 0xe0,
    0x4, 0x2f, 0x87, 0x3a, 0xc1, 0xd8, 0x40, 0x33,
    0xdf, 0xe, 0x75, 0x81, 0xc8, 0x7, 0x8c, 0x81,
    0x88, 0xc0, 0x33, 0x98, 0x0, 0xaf, 0x86, 0x3a,
    0xc0, 0x34, 0xc0, 0x10, 0xfe, 0xf, 0x64, 0x0,
    0x6e, 0xb4, 0xb2, 0x20, 0x7, 0xe6, 0x30, 0xa7,
    0x90, 0x2, 0x9b, 0x5b, 0x0, 0x20, 0x40, 0x7d,
    0x0, 0x16, 0x29, 0x56,

    /* U+79BB "离" */
    0x0, 0xf1, 0x90, 0x7, 0xff, 0x3, 0xec, 0x3,
    0xd5, 0xbb, 0xc4, 0xdb, 0xbe, 0xbc, 0xdd, 0x5f,
    0x73, 0xe5, 0xbb, 0x73, 0x2, 0xb2, 0x3d, 0xfb,
    0x54, 0xd2, 0x39, 0x10, 0x15, 0x1c, 0x50, 0x0,
    0xe1, 0x32, 0x0, 0x61, 0xff, 0x6d, 0x71, 0x20,
    0x7, 0x1e, 0x35, 0xee, 0xb1, 0x6a, 0xc4, 0x0,
    0xbd, 0x99, 0xc, 0xe6, 0x5f, 0x80, 0x1, 0x0,
    0x94, 0xc0, 0x3e, 0x4e, 0xcc, 0xac, 0x67, 0x33,
    0x7c, 0x81, 0x6e, 0xa0, 0x7f, 0x71, 0x37, 0x4c,
    0x1, 0x9a, 0xa8, 0x6, 0x8d, 0x20, 0x1e, 0xf0,
    0xbc, 0x8c, 0x76, 0x10, 0xe, 0xbc, 0xfd, 0xb9,
    0x8d, 0x43, 0x1, 0x0, 0x11, 0x80, 0x71, 0x52,
    0xe2, 0xe8, 0x7, 0xf7, 0xf2, 0x80,

    /* U+7A0B "程" */
    0x0, 0xc7, 0x24, 0x1, 0xfe, 0x7d, 0xfc, 0x25,
    0x3f, 0xff, 0x80, 0xb, 0x32, 0x2b, 0x71, 0xe,
    0xed, 0x20, 0x11, 0x21, 0x0, 0x70, 0x8e, 0x1,
    0x0, 0x22, 0xe1, 0xaa, 0x84, 0x2e, 0xf5, 0x8,
    0x3, 0x39, 0x47, 0xbc, 0xa7, 0x77, 0x54, 0x80,
    0x22, 0xd8, 0xae, 0x81, 0x1d, 0xf9, 0x0, 0x22,
    0x40, 0x74, 0x46, 0x7f, 0xbb, 0xfd, 0x86, 0x0,
    0x92, 0x0, 0x52, 0xf7, 0x28, 0x7b, 0xa3, 0x8,
    0x58, 0x7, 0x43, 0x44, 0x18, 0xa2, 0x40, 0x6,
    0xb1, 0x0, 0x50, 0xd4, 0xd0, 0x4c, 0xbc, 0x1,
    0x8a, 0x1, 0x8b, 0xb6, 0x47, 0x75, 0x60, 0x2,
    0x0, 0xe2, 0x28, 0x40, 0x8b, 0x0, 0x78, 0xb7,
    0x6a, 0x1d, 0xdb, 0x80, 0x21, 0x30, 0x2f, 0xff,
    0xd8,

    /* U+7A7A "空" */
    0x0, 0xf8, 0x40, 0x3f, 0xf8, 0x35, 0x80, 0x1f,
    0xfc, 0x1e, 0x32, 0x0, 0xf3, 0x7f, 0xf5, 0x8e,
    0xff, 0xe7, 0x0, 0xe, 0xeb, 0x37, 0x7e, 0x10,
    0xc, 0x43, 0xa8, 0x44, 0x8, 0x12, 0x20, 0x83,
    0x73, 0x61, 0x20, 0x4, 0x39, 0x7e, 0xc0, 0x99,
    0x32, 0xc2, 0x0, 0x15, 0xd9, 0xb2, 0x1, 0x99,
    0xac, 0x1, 0xe4, 0xd8, 0x90, 0x2a, 0xdf, 0xff,
    0xe3, 0x10, 0xb, 0x37, 0xb8, 0xe3, 0xdc, 0xdd,
    0x28, 0x6, 0x32, 0x11, 0x78, 0x8, 0x88, 0x82,
    0x1, 0xff, 0xc5, 0x21, 0x1e, 0x0, 0x8, 0xfd,
    0x9d, 0xdd, 0x3, 0xdd, 0xeb, 0xff, 0xff, 0xe1,
    0x58,

    /* U+7AD6 "竖" */
    0x0, 0xd1, 0x60, 0x1f, 0xf4, 0xd0, 0x4, 0xbf,
    0xfe, 0xa0, 0x8, 0x40, 0x1e, 0xb, 0x63, 0xfe,
    0xd0, 0x90, 0xf, 0xe4, 0x37, 0x8, 0x43, 0x0,
    0xff, 0x74, 0x4a, 0xc8, 0x7, 0xfc, 0x44, 0x66,
    0x10, 0x6, 0x10, 0x7, 0x81, 0xd6, 0x2c, 0xa6,
    0x31, 0x80, 0x22, 0xc2, 0x2d, 0xc7, 0x61, 0xb7,
    0xf9, 0x80, 0x23, 0x11, 0x81, 0x18, 0x47, 0x52,
    0x80, 0x2f, 0x3f, 0xea, 0x18, 0xff, 0xb3, 0x80,
    0x2a, 0xef, 0x4f, 0xee, 0xd3, 0x7d, 0x80, 0x1c,
    0x2d, 0x40, 0x11, 0x40, 0x7, 0x9, 0x15, 0x2,
    0x45, 0x41, 0xb9, 0x14, 0x11, 0xbb, 0x5a, 0xee,
    0xca, 0x7b, 0xb8, 0x40,

    /* U+7B54 "答" */
    0x0, 0x8c, 0x3, 0xc6, 0x1, 0xfb, 0x20, 0x3,
    0x36, 0x8, 0x7, 0xa0, 0x12, 0xee, 0x2b, 0x1a,
    0xbb, 0x61, 0x1, 0x3c, 0xab, 0xc4, 0x28, 0xf7,
    0xd3, 0xa0, 0x83, 0xd5, 0xac, 0xc6, 0x8a, 0xcd,
    0xf, 0x10, 0x1, 0x36, 0x5, 0x10, 0x61, 0x50,
    0x4, 0x68, 0x4, 0x82, 0x1, 0x2d, 0x86, 0x18,
    0x22, 0x0, 0x3d, 0x31, 0x89, 0x69, 0x94, 0x80,
    0x18, 0xa3, 0x90, 0xb7, 0xb8, 0xe8, 0x37, 0xf6,
    0x44, 0xd7, 0x76, 0xe7, 0xfd, 0xd5, 0x78, 0xae,
    0x44, 0x8c, 0x92, 0x33, 0xf1, 0x1d, 0x60, 0x1,
    0xcd, 0xb7, 0xff, 0xda, 0x80, 0x1e, 0x31, 0xdd,
    0xf0, 0x80, 0x7e, 0x1c, 0xcf, 0x8, 0x7, 0xf4,
    0x47, 0x80, 0x3f, 0x18, 0xa2, 0x78, 0x40, 0x30,

    /* U+7EBF "线" */
    0x0, 0xa1, 0x0, 0x26, 0x90, 0xf, 0xc2, 0xe2,
    0x1, 0xb, 0x86, 0x38, 0x7, 0x42, 0xa8, 0x2,
    0x13, 0xf, 0xb0, 0xc, 0x6f, 0x65, 0xc6, 0x1,
    0xd7, 0x63, 0x1, 0xe8, 0x18, 0x57, 0x75, 0x17,
    0xfb, 0xb0, 0x81, 0x4a, 0x7d, 0x6b, 0x39, 0x3,
    0xf2, 0x5c, 0x0, 0x99, 0xeb, 0x23, 0x13, 0x40,
    0x8f, 0x5d, 0xc0, 0x1, 0xab, 0x30, 0x1a, 0xf0,
    0x27, 0xb3, 0x7c, 0x0, 0xb5, 0x26, 0x85, 0xfe,
    0x38, 0x9e, 0x81, 0x0, 0x40, 0x5f, 0xea, 0x20,
    0x53, 0xdd, 0xda, 0x20, 0xf, 0xf7, 0x64, 0x80,
    0x56, 0xb1, 0x4c, 0x1, 0xa, 0xc5, 0xf3, 0x0,
    0xc0, 0x1a, 0x82, 0x0, 0xe5, 0x8f, 0x63, 0x33,
    0xc3, 0x4a, 0x4e, 0xd0, 0x7b, 0x92, 0xa5, 0x93,
    0x16, 0x58, 0xf8, 0x48, 0x2, 0x1, 0xbb, 0x8c,
    0x0, 0x2f, 0x9c, 0x0,

    /* U+7EC4 "组" */
    0x0, 0x34, 0x0, 0x7f, 0xf0, 0x6c, 0x3, 0x5e,
    0x67, 0x20, 0x0, 0xcd, 0x0, 0x13, 0x5f, 0xfc,
    0x42, 0x0, 0xa9, 0xa, 0x70, 0x1, 0x19, 0xc0,
    0x11, 0x3b, 0x85, 0x48, 0x3, 0xfa, 0x83, 0x30,
    0x6a, 0x0, 0xaf, 0xf8, 0x40, 0x15, 0x7c, 0x5e,
    0x1, 0x57, 0xfc, 0x20, 0x2, 0x5a, 0x63, 0x0,
    0xff, 0x95, 0xa0, 0x8c, 0x0, 0x62, 0x30, 0x4,
    0x34, 0x3d, 0x92, 0x0, 0x9e, 0xe8, 0x40, 0x3,
    0x59, 0xfd, 0x40, 0xa, 0xff, 0x84, 0x2, 0x53,
    0x14, 0x40, 0x7, 0xf2, 0xe7, 0x72, 0xc, 0x80,
    0xc8, 0xa0, 0x32, 0x74, 0xdf, 0xc4, 0xd2, 0x9d,
    0xd8, 0x67, 0xc0,

    /* U+7EFF "绿" */
    0x0, 0x98, 0x3, 0xff, 0x84, 0x72, 0x60, 0xbf,
    0xfe, 0xd0, 0xd, 0x4a, 0x60, 0xbf, 0xfd, 0xc,
    0x1, 0x9e, 0xb, 0x87, 0xbf, 0xf4, 0x10, 0x5,
    0xc, 0x54, 0x83, 0xdf, 0xf9, 0x44, 0x0, 0x4e,
    0xba, 0xd6, 0x42, 0x3e, 0xf2, 0x2, 0x78, 0x66,
    0xe, 0xff, 0xdd, 0xeb, 0x38, 0x41, 0xe, 0xd0,
    0x1f, 0xdc, 0xd1, 0xee, 0xc4, 0x0, 0xe8, 0x2,
    0x3e, 0x0, 0x9, 0x1f, 0x28, 0x2, 0xce, 0x3e,
    0x4c, 0x9a, 0xc3, 0xf6, 0x54, 0x1, 0xf5, 0xfe,
    0xb0, 0xdc, 0x61, 0x67, 0x70, 0x4, 0x8a, 0x48,
    0xa5, 0xad, 0x41, 0x2d, 0x0, 0x14, 0xe7, 0xf8,
    0xf5, 0xb1, 0xc0, 0xad, 0xf4, 0x43, 0xa7, 0xed,
    0xb6, 0x8e, 0x4c, 0x13, 0x14, 0x41, 0xd4, 0x2,
    0x20, 0x76, 0x80, 0x1, 0xc0, 0x0,

    /* U+7F51 "网" */
    0x6f, 0xff, 0xfe, 0x8, 0x18, 0xf7, 0x7f, 0xa8,
    0x3, 0x8, 0x8, 0xa8, 0x84, 0x4a, 0xc0, 0x20,
    0x13, 0x78, 0x1a, 0x2, 0x6, 0xd8, 0x7, 0x31,
    0xba, 0x25, 0x42, 0x92, 0x1, 0xee, 0x8a, 0xe7,
    0x2a, 0x25, 0x0, 0xf1, 0xa9, 0x28, 0x42, 0x28,
    0x7, 0xe1, 0x4, 0x5, 0x0, 0xfe, 0x34, 0x59,
    0xb, 0x25, 0x30, 0xf, 0x7b, 0xdb, 0x31, 0x7d,
    0x20, 0x3, 0x9c, 0xa0, 0x62, 0x5c, 0xa0, 0xc0,
    0x39, 0x28, 0x0, 0x51, 0x0, 0x38, 0x0, 0xe3,
    0x40, 0x0, 0xb8, 0x0, 0x5b, 0x80, 0x6, 0x1,
    0xfc, 0x36, 0xf0, 0x0,

    /* U+7F6E "置" */
    0xd, 0xed, 0xd7, 0x6e, 0xbf, 0x75, 0xd8, 0x1,
    0xc, 0x6c, 0xa6, 0xe8, 0xbf, 0x64, 0x3, 0x35,
    0x64, 0x36, 0xf0, 0xf6, 0x5b, 0x0, 0xf, 0x2a,
    0xb0, 0x9d, 0x56, 0xc0, 0x3, 0xf0, 0x8e, 0x27,
    0x11, 0xdc, 0x0, 0x48, 0x1c, 0xc8, 0x5b, 0x32,
    0x38, 0x0, 0xdc, 0x53, 0x2d, 0xe9, 0x90, 0x8,
    0x7, 0x7b, 0xff, 0xf9, 0x0, 0x3e, 0x6c, 0xcf,
    0x20, 0x7, 0xcf, 0xdd, 0xe4, 0x0, 0xf9, 0x22,
    0x3c, 0x40, 0x1f, 0x88, 0xbc, 0x20, 0x1b, 0xb6,
    0x56, 0x23, 0xc5, 0x1b, 0xc0,

    /* U+8003 "考" */
    0x0, 0xf1, 0xf0, 0x7, 0xfc, 0x23, 0x38, 0x8,
    0xc1, 0x4a, 0x1, 0xd3, 0x98, 0x91, 0xcc, 0x54,
    0x20, 0x80, 0x74, 0x6e, 0xb8, 0x77, 0x46, 0xd8,
    0x80, 0x11, 0x17, 0x30, 0x14, 0xb5, 0x1, 0x18,
    0x3, 0xbf, 0xf4, 0x6, 0xb9, 0xcf, 0xfb, 0x40,
    0x19, 0xbb, 0xa4, 0xab, 0xb7, 0x77, 0x0, 0x71,
    0xdd, 0x8e, 0xbf, 0xf1, 0x80, 0x42, 0xd9, 0xf1,
    0x63, 0xdf, 0xf7, 0x18, 0x0, 0x7a, 0xe7, 0xf,
    0xdc, 0x40, 0x21, 0x0, 0x87, 0x74, 0xa0, 0xa8,
    0xdf, 0xfb, 0x40, 0x31, 0x0, 0x4b, 0xdf, 0xf9,
    0x9c, 0x3, 0xf8, 0x40, 0x32, 0xe8, 0x7, 0xf8,
    0xe2, 0x6c, 0xd4, 0x3, 0xfc, 0x28, 0x66, 0xc2,
    0x0, 0x80,

    /* U+8046 "聆" */
    0x0, 0xff, 0x8, 0x7, 0xff, 0x8, 0x79, 0xc0,
    0x31, 0xee, 0xf9, 0x81, 0x8a, 0xc0, 0x31, 0xf1,
    0x7e, 0x5, 0xb8, 0x4c, 0x9d, 0x0, 0x30, 0x81,
    0x88, 0x18, 0xc1, 0xa4, 0x50, 0x80, 0x76, 0x69,
    0x1, 0xbc, 0xd8, 0xa7, 0xa8, 0x6, 0xfc, 0x22,
    0x6b, 0x20, 0x5d, 0x15, 0x10, 0x4, 0x62, 0x2,
    0xd2, 0x1f, 0x81, 0x94, 0x40, 0x11, 0x10, 0xcd,
    0x44, 0x46, 0x72, 0x22, 0x80, 0x6f, 0xe1, 0xa,
    0xee, 0xd9, 0xe0, 0x1d, 0xb8, 0x41, 0x19, 0x98,
    0x24, 0x3, 0xc2, 0x7c, 0xe1, 0x23, 0x28, 0x80,
    0x1, 0xc0, 0x77, 0x89, 0x20, 0x2f, 0xb5, 0x80,
    0x61, 0x9d, 0xe2, 0xc3, 0xc, 0x22, 0x0, 0x63,
    0xb6, 0x20, 0x30, 0xd, 0x83, 0x40, 0x1f, 0xc6,
    0x1, 0xb6, 0x40, 0x20,

    /* U+811A "脚" */
    0x0, 0xf8, 0x6c, 0x3, 0xf1, 0x7f, 0xe0, 0x2,
    0x0, 0x37, 0xba, 0x20, 0x0, 0xfe, 0x0, 0x90,
    0x10, 0x9d, 0xf8, 0x80, 0x78, 0x63, 0x3, 0x58,
    0xc4, 0x40, 0x60, 0x11, 0x30, 0x4f, 0x7, 0xb8,
    0x7, 0xc3, 0xf6, 0x1, 0xff, 0xc1, 0x1d, 0xd0,
    0x66, 0x86, 0x50, 0x7, 0xfd, 0xb6, 0x9b, 0x60,
    0x1e, 0x11, 0x7e, 0x0, 0xe1, 0xb8, 0x80, 0x79,
    0x93, 0xf0, 0x5, 0x26, 0x14, 0x3, 0xda, 0x40,
    0x15, 0x95, 0xf, 0x0, 0xe8, 0x8, 0x1f, 0x80,
    0x42, 0xfd, 0xa6, 0x3, 0x5a, 0x2, 0x88, 0x5e,
    0x2b, 0xa5, 0x28, 0x0, 0x39, 0x1, 0xa9, 0x25,
    0xe8, 0x7, 0x18, 0x80, 0x40,

    /* U+81EA "自" */
    0x0, 0xc4, 0x1, 0xff, 0x4d, 0x80, 0x7f, 0x9b,
    0x40, 0x3c, 0x79, 0x91, 0x5e, 0x67, 0x1b, 0x9c,
    0x42, 0xe6, 0x23, 0x1b, 0x80, 0xa2, 0x7e, 0x10,
    0x0, 0x99, 0xfe, 0x10, 0xb, 0xff, 0xf0, 0x4,
    0x39, 0x9f, 0x84, 0x0, 0x26, 0x7f, 0x84, 0x2,
    0xff, 0xfc, 0x1, 0xe, 0x67, 0xe1, 0x0, 0xff,
    0xe1, 0xf, 0xff, 0xe1, 0x1, 0x17, 0xff, 0xe1,
    0x10,

    /* U+83DC "菜" */
    0x0, 0xff, 0x8, 0x7, 0xfb, 0x5c, 0x0, 0x7c,
    0x1, 0xe5, 0x44, 0x83, 0x91, 0xa, 0x8, 0x98,
    0x45, 0x11, 0x89, 0x22, 0x16, 0x11, 0x18, 0x87,
    0x73, 0x24, 0x8c, 0xc7, 0xf, 0x7e, 0xe1, 0x80,
    0xe6, 0xe9, 0xaf, 0xfd, 0xa7, 0xdf, 0x0, 0x10,
    0xfa, 0xfe, 0x7a, 0xcf, 0x6e, 0x82, 0x80, 0x31,
    0x35, 0x8, 0x8a, 0x0, 0x12, 0x26, 0x1, 0x86,
    0xdc, 0x43, 0x8, 0x5, 0xa4, 0x3, 0x11, 0x1f,
    0xc, 0x8b, 0x1e, 0x31, 0x10, 0xb, 0x76, 0xcd,
    0xd4, 0x8e, 0xef, 0x8c, 0xbf, 0xf2, 0x15, 0x14,
    0x17, 0x7f, 0xc6, 0x1, 0xa9, 0x7c, 0x41, 0xdd,
    0xe8, 0x1, 0xc7, 0xaf, 0x84, 0x1, 0x53, 0xdd,
    0x90, 0x1, 0x58, 0xfa, 0x40, 0x1d, 0x34, 0xb0,
    0x21, 0xd5, 0x40, 0x8, 0x4c, 0x2, 0x5e, 0xd1,

    /* U+84DD "蓝" */
    0x0, 0xef, 0x20, 0x6, 0x30, 0x7, 0x37, 0xf7,
    0x41, 0x9d, 0xc3, 0x9e, 0xeb, 0xc5, 0xb7, 0xfd,
    0x81, 0xbf, 0xe3, 0x8f, 0xfb, 0x44, 0x8, 0x44,
    0x54, 0x42, 0x2b, 0x51, 0x18, 0x80, 0x2a, 0x40,
    0xb7, 0x1, 0x84, 0x0, 0xf9, 0x84, 0xc, 0xc1,
    0x21, 0x7b, 0xb5, 0x80, 0x7e, 0x17, 0x99, 0x5f,
    0xf4, 0x80, 0x7e, 0xa3, 0x63, 0x83, 0x31, 0x0,
    0x63, 0x3, 0x36, 0x78, 0x39, 0x48, 0x7, 0x6a,
    0x15, 0x2a, 0x84, 0x89, 0x14, 0x1, 0xd5, 0x9f,
    0x59, 0xf9, 0xbf, 0x3a, 0x80, 0x18, 0x5b, 0x6c,
    0xf7, 0x43, 0xba, 0x10, 0xc, 0x20, 0x1, 0x30,
    0x17, 0x1, 0x10, 0x8, 0x81, 0x79, 0x5f, 0xa4,
    0xfa, 0xc7, 0xb8, 0x35, 0xc6,

    /* U+8868 "表" */
    0x0, 0xfb, 0x9c, 0x3, 0xf8, 0x44, 0x1, 0x84,
    0x3, 0x8, 0x4, 0x5d, 0xcf, 0xf8, 0x67, 0xff,
    0x70, 0x80, 0xb, 0xff, 0x8a, 0x7f, 0xf8, 0x40,
    0x26, 0xff, 0xc5, 0x3f, 0xf9, 0x80, 0x33, 0x7f,
    0xe2, 0x9f, 0xfc, 0xc0, 0x5, 0xdd, 0xf1, 0x46,
    0xef, 0x81, 0x3b, 0xfe, 0xb2, 0xa9, 0xff, 0xbb,
    0xa0, 0x13, 0x22, 0x3c, 0xc2, 0x41, 0x90, 0xeb,
    0x98, 0x4, 0x33, 0x40, 0x62, 0xb4, 0x7a, 0xe8,
    0x1, 0x3f, 0xa6, 0x8, 0x2, 0x17, 0x26, 0x40,
    0x1b, 0x27, 0x4c, 0x0, 0xfd, 0xa1, 0xa6, 0x1,
    0xad, 0xc0, 0x3, 0x53, 0x47, 0xad, 0x9d, 0x40,
    0x1c, 0x20, 0xfc, 0xc0, 0x59, 0x87, 0xd0, 0xe,
    0x1e, 0x90, 0xe, 0x39, 0x70,

    /* U+8981 "要" */
    0x0, 0xff, 0xe2, 0xff, 0xff, 0xf0, 0x74, 0x1,
    0xff, 0xa8, 0x7f, 0xc3, 0x7f, 0xf6, 0x80, 0x57,
    0xfe, 0xa1, 0xff, 0xd, 0xff, 0xac, 0x3, 0x9f,
    0xe8, 0x7f, 0xc3, 0x7e, 0xe0, 0x1f, 0xfc, 0xa7,
    0xfa, 0x1f, 0xf0, 0xdf, 0xb8, 0x7, 0x5f, 0xfc,
    0xe9, 0xff, 0xd6, 0x0, 0xad, 0xde, 0x75, 0xdd,
    0xf7, 0x14, 0x7f, 0xd0, 0x53, 0x9f, 0x5, 0x3f,
    0xed, 0x22, 0xc1, 0x62, 0x20, 0x3b, 0x84, 0x22,
    0x18, 0x6, 0x2d, 0x8d, 0xce, 0x3, 0x0, 0xfe,
    0x13, 0x10, 0x86, 0x9f, 0xb6, 0x10, 0x5, 0x7f,
    0xb7, 0xb7, 0x9e, 0x37, 0x47, 0x10, 0x0, 0x45,
    0xef, 0xdb, 0x0, 0x62, 0x8e, 0x90,

    /* U+89D2 "角" */
    0x0, 0xe6, 0x90, 0xf, 0xf8, 0xe7, 0x84, 0x78,
    0x3, 0x8b, 0x46, 0x7f, 0xee, 0x90, 0xc, 0xba,
    0xdd, 0xd9, 0x1a, 0x0, 0x29, 0xa2, 0x6e, 0xec,
    0xaf, 0xdd, 0x4, 0x68, 0xb6, 0x62, 0xc7, 0x73,
    0x10, 0x0, 0x12, 0xe, 0x22, 0x30, 0x11, 0x60,
    0xe, 0x9f, 0xf6, 0x7, 0xfd, 0x60, 0x18, 0x6b,
    0xfd, 0x81, 0xff, 0x58, 0x6, 0x21, 0x0, 0xff,
    0x8c, 0x2f, 0xfd, 0x81, 0xff, 0x58, 0x5, 0x63,
    0xff, 0x60, 0x7f, 0xd6, 0x0, 0x27, 0x90, 0xf,
    0xc2, 0x0, 0x93, 0x70, 0x9, 0xc0, 0x2e, 0xa7,
    0xb, 0xd0, 0xc, 0x9e, 0x0, 0xce, 0x90,

    /* U+89E6 "触" */
    0x0, 0xff, 0xe3, 0xd2, 0x80, 0x71, 0x78, 0x7,
    0x95, 0x4c, 0x22, 0x0, 0x8c, 0x40, 0x38, 0x6c,
    0x7b, 0x8e, 0x1, 0xfc, 0x38, 0xfd, 0x6, 0xc1,
    0x79, 0xa3, 0x7a, 0x40, 0x7, 0x6f, 0xa3, 0xf4,
    0x7f, 0xd1, 0xb3, 0x0, 0xd, 0x87, 0x8f, 0x1b,
    0x80, 0x7f, 0xc4, 0x4, 0x20, 0x1f, 0xfc, 0xe,
    0x1f, 0x20, 0x3, 0x98, 0x8, 0x7, 0xb0, 0x74,
    0xc0, 0x11, 0x23, 0x42, 0x20, 0x1, 0x7, 0x8f,
    0x18, 0xf, 0xd0, 0xdc, 0x98, 0x1, 0x8b, 0xc7,
    0x8c, 0x34, 0xc0, 0x28, 0x10, 0x1, 0x38, 0x7,
    0xf9, 0x58, 0x1, 0x7a, 0xa, 0x0, 0x58, 0xad,
    0x1d, 0x7b, 0x2, 0x36, 0xb, 0x83, 0x53, 0xcf,
    0xf6, 0xe8, 0x80, 0xbc, 0x40, 0x11, 0xc7, 0x6c,
    0x60, 0x1, 0xe0,

    /* U+8A00 "言" */
    0x0, 0xff, 0xe3, 0xae, 0x0, 0x7c, 0x23, 0xcc,
    0x68, 0x23, 0xc1, 0xfd, 0xdb, 0x2, 0xfb, 0xb9,
    0xfb, 0xff, 0xff, 0x80, 0xe0, 0x5b, 0x99, 0xfa,
    0x0, 0x22, 0xee, 0xfd, 0xf4, 0x1, 0x88, 0xbf,
    0xc0, 0x11, 0xff, 0x77, 0xdf, 0x0, 0x11, 0xf7,
    0x7f, 0x40, 0x4, 0x3f, 0xff, 0xd4, 0x1, 0xdb,
    0xff, 0xe6, 0x0, 0xc2, 0x1, 0xff, 0xc1, 0x10,
    0xec, 0xcf, 0x38, 0x7, 0xa7, 0xff, 0xca, 0x20,
    0x0,

    /* U+8BA4 "认" */
    0x0, 0xff, 0xe3, 0x15, 0x88, 0x6, 0xda, 0x0,
    0xf8, 0xdb, 0x40, 0x38, 0x80, 0x3e, 0x1c, 0x27,
    0x0, 0x84, 0x3, 0xf8, 0x71, 0xc0, 0x21, 0x0,
    0xff, 0x10, 0x7, 0x8, 0x7, 0x1f, 0xfc, 0x60,
    0x18, 0xc8, 0x3, 0x8f, 0xb4, 0x3, 0x84, 0x4a,
    0x1, 0xe1, 0x30, 0xe, 0x51, 0x11, 0x0, 0x7f,
    0xf0, 0x39, 0x11, 0x40, 0x1f, 0xd3, 0x21, 0x5e,
    0xd6, 0x0, 0xfd, 0xf, 0x56, 0x48, 0xc0, 0xe0,
    0x1f, 0x26, 0xb2, 0xc8, 0x2, 0x60, 0xc0, 0x32,
    0x85, 0xbd, 0x3a, 0x0, 0x1c, 0xf4, 0x80, 0x24,
    0xd7, 0xb5, 0x80, 0xd, 0xa7, 0xe2, 0x1, 0x11,
    0xdd, 0x0, 0x70, 0xe7, 0x88,

    /* U+8BB2 "讲" */
    0x0, 0x31, 0x0, 0x43, 0x22, 0x12, 0x80, 0x1d,
    0x9e, 0x20, 0x13, 0x0, 0x10, 0x40, 0x3a, 0x87,
    0x40, 0x30, 0x80, 0x7f, 0x75, 0x81, 0x18, 0x11,
    0xc, 0xc4, 0x40, 0x0, 0x88, 0xdd, 0x37, 0x41,
    0xba, 0x19, 0xde, 0x2, 0xee, 0x81, 0x3f, 0x83,
    0xfc, 0x55, 0xf8, 0x5, 0xf8, 0x1, 0xff, 0xd6,
    0xbf, 0xe0, 0xff, 0x15, 0x7f, 0x8c, 0x3, 0xab,
    0xac, 0x7b, 0x85, 0x5d, 0xc3, 0x0, 0xe2, 0x12,
    0x20, 0x88, 0x0, 0x22, 0x0, 0xe8, 0xd0, 0xd4,
    0x0, 0xfe, 0x60, 0x6d, 0x24, 0xb0, 0xf, 0xe2,
    0x26, 0x17, 0xa9, 0x80, 0x7f, 0x3e, 0x11, 0x2,
    0xc0, 0x23, 0x0, 0xf8, 0x40, 0xf4, 0x40, 0x2e,
    0x50, 0x8,

    /* U+8BBE "设" */
    0x0, 0x28, 0x7, 0xff, 0xe, 0x2c, 0x2, 0xff,
    0xe3, 0x0, 0xec, 0x59, 0x0, 0xb7, 0xf8, 0x3,
    0xe1, 0xdc, 0x2, 0x3, 0x0, 0xff, 0x1a, 0x85,
    0x18, 0x80, 0x7c, 0x9b, 0xb0, 0xab, 0xc0, 0x0,
    0x43, 0x76, 0x5, 0xe8, 0x20, 0x19, 0x40, 0xb,
    0x6e, 0x64, 0x2, 0x6e, 0x1, 0x4f, 0xfe, 0xda,
    0x14, 0x0, 0xf2, 0x70, 0x77, 0xfa, 0x5, 0x40,
    0x3f, 0xa, 0x48, 0x2, 0x64, 0x1, 0xf1, 0x48,
    0x4b, 0x9c, 0x9b, 0x80, 0x7d, 0xaa, 0x5, 0x18,
    0xdc, 0x1, 0xe6, 0x5, 0xc0, 0x1d, 0x0, 0x58,
    0x80, 0x78, 0xa9, 0x2b, 0x8f, 0xb0, 0xfb, 0x24,
    0x40, 0x9, 0xa1, 0xfb, 0xd2, 0x27, 0x7b, 0x40,
    0x20,

    /* U+8BD5 "试" */
    0x0, 0xff, 0x10, 0x7, 0xcc, 0x1, 0xf6, 0xac,
    0x50, 0x4, 0x31, 0x20, 0x1f, 0xd, 0x24, 0x0,
    0x7, 0x1c, 0xc0, 0x3e, 0x2a, 0xa0, 0x4, 0x5e,
    0x5b, 0x99, 0x82, 0x72, 0x24, 0x0, 0x44, 0x31,
    0x9f, 0xfc, 0x4b, 0xfe, 0x80, 0x6, 0xec, 0x8,
    0x67, 0x9b, 0xcc, 0xe0, 0x7, 0xe0, 0x82, 0x6e,
    0x61, 0x8b, 0x80, 0x3f, 0x96, 0x4e, 0xd3, 0x88,
    0x3, 0xf8, 0x50, 0x50, 0x8d, 0x0, 0x3f, 0xf8,
    0x4a, 0x6, 0x1, 0xf2, 0xe0, 0x4, 0x22, 0x34,
    0x1, 0x0, 0xc3, 0x52, 0x83, 0xde, 0x17, 0x41,
    0xe8, 0x0, 0xb0, 0xcc, 0x5a, 0xc7, 0x83, 0x9d,
    0x8, 0x5, 0x58, 0x73, 0xf4, 0xa2, 0x0, 0xb5,
    0x14, 0x0, 0x11, 0x80, 0x7e, 0x5d, 0xf0,

    /* U+8BDD "话" */
    0x0, 0x2b, 0x0, 0x7c, 0x28, 0xa0, 0x1d, 0x28,
    0xb, 0x15, 0x9d, 0xca, 0xe0, 0xc, 0xad, 0x0,
    0x63, 0xa8, 0x1f, 0xd6, 0x1, 0xd3, 0x80, 0xd2,
    0xf8, 0x1, 0xff, 0x1a, 0x24, 0x62, 0x89, 0x85,
    0x3f, 0xe0, 0xb8, 0x8a, 0x82, 0x23, 0x2a, 0x6d,
    0x0, 0x23, 0x32, 0x91, 0xcc, 0xc8, 0x4, 0x20,
    0x1f, 0xfc, 0x73, 0xcc, 0x48, 0xe6, 0x40, 0x1f,
    0x1b, 0x97, 0x7e, 0xf5, 0x10, 0x7, 0x8f, 0xc,
    0x8, 0xb8, 0x3, 0xec, 0x93, 0x0, 0xff, 0x8c,
    0x25, 0x80, 0x7f, 0xf5, 0x80, 0x73, 0xd3, 0x0,
    0x7, 0xff, 0x58, 0x80, 0x0,

    /* U+8BED "语" */
    0x0, 0x8, 0x7, 0xff, 0xf, 0x18, 0x1f, 0xba,
    0xfe, 0xed, 0x0, 0x17, 0xd9, 0x3f, 0x73, 0x43,
    0xbb, 0x40, 0x4, 0x5a, 0x41, 0xfe, 0xc0, 0xff,
    0xa8, 0x0, 0x26, 0x70, 0x3, 0xfc, 0x8f, 0xfe,
    0x53, 0x0, 0x36, 0x64, 0x20, 0x12, 0xe8, 0x1,
    0xc4, 0x0, 0xff, 0xa0, 0x4, 0x42, 0x89, 0xa2,
    0x8, 0x54, 0x40, 0x3b, 0xb9, 0xeb, 0x9d, 0xc5,
    0x3f, 0x20, 0xe, 0xaa, 0x5d, 0xfd, 0x46, 0x1,
    0xc2, 0xbd, 0xde, 0xc0, 0xf, 0x5c, 0x8, 0xbf,
    0xf5, 0x0, 0x7c, 0xb4, 0x1, 0xff, 0xc0, 0x70,
    0x93, 0x0, 0x11, 0x70, 0x7, 0x7a, 0x30, 0x0,
    0x7f, 0xf4, 0x80, 0x75, 0x50, 0x0, 0x22, 0xdd,
    0xd6, 0x1, 0xe1, 0x0, 0x2f, 0x0, 0x65, 0xd0,
    0x0,

    /* U+8BF4 "说" */
    0x0, 0x20, 0x4, 0x88, 0x0, 0x86, 0x88, 0x2,
    0x1a, 0xa0, 0x5, 0x42, 0x0, 0x75, 0x30, 0x8,
    0x71, 0x24, 0x11, 0x6c, 0x1, 0x4e, 0x20, 0x18,
    0xb2, 0x80, 0xf7, 0xd, 0x4f, 0x4c, 0x2, 0x21,
    0x33, 0x6, 0xdd, 0x7c, 0x9c, 0x60, 0x0, 0xb7,
    0xb8, 0x0, 0x38, 0xcc, 0xdc, 0x20, 0x2, 0xfc,
    0x0, 0xff, 0xe3, 0x9c, 0x66, 0x6e, 0x10, 0xf,
    0xdb, 0x27, 0x54, 0x3e, 0xc0, 0xf, 0x90, 0xd8,
    0x1d, 0x44, 0xcc, 0x1, 0xe7, 0xa1, 0x51, 0x10,
    0x7, 0xfa, 0x74, 0x69, 0x80, 0x39, 0xc8, 0x0,
    0xc1, 0xa7, 0x47, 0x20, 0x1, 0x23, 0x84, 0x0,
    0x2f, 0x6, 0xbe, 0x8, 0x10, 0xee, 0x1b, 0x0,
    0x42, 0x77, 0xa4, 0x0, 0x1e, 0xff, 0x60, 0x0,

    /* U+8C03 "调" */
    0x0, 0x84, 0x3, 0xff, 0x83, 0x18, 0x20, 0x9f,
    0xff, 0x80, 0x10, 0x14, 0xe, 0x3f, 0xe4, 0xdf,
    0xc1, 0x0, 0xbe, 0x40, 0x22, 0x35, 0x73, 0x0,
    0x84, 0x46, 0x40, 0x12, 0xf8, 0xcc, 0x80, 0x7,
    0xdd, 0x8, 0x4, 0xf8, 0x3f, 0x40, 0x3, 0xfe,
    0x0, 0xe7, 0xb1, 0xfc, 0x70, 0xf, 0xe5, 0x8c,
    0xff, 0x38, 0x7, 0xce, 0xf, 0xff, 0x50, 0x7,
    0x97, 0x48, 0x86, 0xfb, 0x4a, 0x1, 0xeb, 0x5f,
    0x60, 0x0, 0x98, 0x7, 0x10, 0x34, 0x3e, 0x82,
    0xf5, 0xb8, 0x6, 0x16, 0x96, 0x16, 0x67, 0x75,
    0x6c, 0x1, 0x14, 0x94, 0xb8, 0x80, 0x43, 0xd4,
    0xa0, 0x18, 0xae, 0x0, 0x30, 0xcd, 0x58,

    /* U+8D25 "败" */
    0x0, 0xff, 0xe7, 0x5b, 0x80, 0x71, 0xe6, 0x75,
    0x80, 0x10, 0xc0, 0x3c, 0x5f, 0xf4, 0x20, 0x18,
    0xa0, 0x7, 0xc6, 0x82, 0xc2, 0x16, 0x3f, 0xf9,
    0x80, 0x34, 0xb0, 0x4, 0xd7, 0xfa, 0x3e, 0xc0,
    0x1c, 0xe0, 0x5, 0x11, 0x3, 0x10, 0x7, 0xc2,
    0x0, 0xf3, 0x20, 0x16, 0x0, 0xff, 0x54, 0x60,
    0x69, 0x0, 0x78, 0x48, 0x4, 0x11, 0x40, 0xf4,
    0x3, 0x88, 0x40, 0x39, 0x5d, 0x10, 0x1, 0x1f,
    0x2b, 0xb0, 0x78, 0x3, 0xe1, 0x44, 0x3, 0x14,
    0xd7, 0xe1, 0x0, 0x4, 0x8, 0x3, 0x16, 0x31,
    0xcb, 0xe0, 0x3d, 0xcb, 0x40, 0x5, 0xef, 0x0,
    0x9, 0x8d, 0xac, 0x6c, 0x5d, 0x30, 0xc9, 0x0,
    0xcf, 0x5a, 0x40, 0x5b, 0x66,

    /* U+8F6F "软" */
    0x0, 0xff, 0xe3, 0xc5, 0x0, 0x68, 0x80, 0x7,
    0xe4, 0x20, 0xc, 0xde, 0x1, 0xea, 0xa1, 0x9a,
    0xa8, 0xa6, 0x2e, 0x1, 0xef, 0x21, 0xef, 0xf3,
    0xc8, 0x7f, 0xed, 0x0, 0x29, 0x30, 0xba, 0x8a,
    0xe7, 0xfc, 0x6a, 0x1, 0x2d, 0xc2, 0x2, 0x29,
    0xc3, 0x9, 0xd8, 0x2, 0x48, 0xc0, 0x27, 0xa0,
    0x4e, 0x1f, 0x30, 0x2, 0x17, 0x9c, 0x76, 0x0,
    0x4, 0x3, 0xd9, 0xfe, 0x3b, 0xec, 0x0, 0x11,
    0x0, 0x38, 0x40, 0x30, 0x98, 0x20, 0x20, 0x7,
    0x34, 0x51, 0x57, 0x48, 0x72, 0x92, 0x80, 0x6d,
    0x2d, 0x39, 0xfa, 0x35, 0x89, 0xb1, 0x0, 0xae,
    0x9c, 0x4c, 0x7, 0x58, 0x95, 0x58, 0x40, 0x1e,
    0x33, 0x79, 0xc8, 0x2, 0xc7, 0x4c, 0x3, 0x8,
    0x1a, 0x60, 0x6, 0xca, 0x30,

    /* U+8F7B "轻" */
    0x0, 0x84, 0x3, 0xff, 0x87, 0x3c, 0x1, 0x8,
    0xf8, 0x3, 0x89, 0xc0, 0xb, 0xdd, 0xd2, 0x1,
    0x7f, 0x95, 0xbf, 0xcd, 0xff, 0x40, 0xc8, 0x5,
    0xd8, 0x1d, 0xfc, 0x60, 0x3, 0x88, 0x8, 0x4,
    0x28, 0x85, 0x61, 0x0, 0x1e, 0x85, 0x98, 0x6,
    0xae, 0xcc, 0x0, 0x17, 0x17, 0x93, 0x20, 0x0,
    0xe4, 0x4, 0x2b, 0x14, 0xd6, 0x33, 0x4c, 0x41,
    0xc5, 0x2e, 0xb3, 0x2a, 0x90, 0x9, 0x78, 0x82,
    0x77, 0x15, 0x30, 0x63, 0xff, 0xa0, 0x3, 0xc2,
    0xc5, 0x9d, 0x83, 0xfd, 0x0, 0x7, 0x9c, 0x74,
    0xa1, 0x18, 0x2, 0x10, 0xb, 0x4e, 0x59, 0x70,
    0xc0, 0x3f, 0xaa, 0x8a, 0x20, 0x2, 0x32, 0x60,
    0x22, 0x18, 0x80, 0x7d, 0x1b, 0x96, 0x19, 0x8d,
    0x60, 0xf, 0xab, 0xbb, 0xe7,

    /* U+8FC7 "过" */
    0x0, 0x20, 0x7, 0xef, 0x60, 0xc, 0x37, 0x0,
    0x1f, 0x8, 0x7, 0xc, 0x39, 0x80, 0x78, 0xc0,
    0x3c, 0xe6, 0xcc, 0xff, 0xe2, 0x9f, 0xc0, 0xd,
    0x8a, 0xdd, 0xdc, 0x53, 0xda, 0x0, 0x21, 0x10,
    0x0, 0xdc, 0x46, 0x0, 0x8, 0x80, 0x77, 0xb8,
    0xa0, 0xb2, 0x40, 0x1f, 0xf, 0xf8, 0x40, 0xe,
    0x16, 0x1, 0xff, 0xc2, 0x70, 0xf, 0xfe, 0x1c,
    0x48, 0x7, 0xff, 0x10, 0x48, 0x86, 0x1, 0xc8,
    0x3a, 0x1, 0xb3, 0x45, 0x0, 0x34, 0xd5, 0x8f,
    0x53, 0xad, 0x45, 0x2a, 0xc2, 0x49, 0xa9, 0x38,
    0x75, 0x71, 0xb, 0xb5, 0x40, 0x96, 0x98, 0x0,
    0xa7, 0x7b, 0xff, 0xb4, 0x0,

    /* U+8FD1 "近" */
    0x0, 0xff, 0xe0, 0x1a, 0x0, 0x6c, 0x70, 0xa,
    0x26, 0xf7, 0xf2, 0x80, 0x34, 0xc2, 0x80, 0x1c,
    0x36, 0x33, 0xb8, 0x1, 0x95, 0xe0, 0x2, 0xb6,
    0x53, 0x10, 0xf, 0x46, 0x80, 0x7f, 0xf0, 0x10,
    0xcc, 0x1, 0xb7, 0xff, 0xc2, 0x2a, 0xec, 0x20,
    0x10, 0xde, 0xd0, 0xbe, 0xd1, 0x17, 0x60, 0x4,
    0x40, 0x42, 0x60, 0xe2, 0x40, 0x1f, 0x21, 0x0,
    0x7f, 0xf0, 0xa9, 0x0, 0x3f, 0xf8, 0x2e, 0x56,
    0x1, 0xfe, 0x30, 0x70, 0x82, 0x0, 0xfe, 0x5c,
    0x59, 0xae, 0x64, 0x32, 0xa0, 0x45, 0x21, 0x8b,
    0xac, 0xf1, 0xd9, 0xdc, 0xac, 0xba, 0x31, 0xd5,
    0x0, 0x14, 0x5e, 0xf7, 0xff, 0x8,

    /* U+8FD4 "返" */
    0x0, 0x29, 0x80, 0x7c, 0x28, 0xa0, 0x1b, 0xa4,
    0x0, 0xb7, 0x6d, 0xfe, 0xba, 0x30, 0xb, 0x94,
    0x40, 0x9b, 0xa7, 0x37, 0xbc, 0xc0, 0x25, 0x60,
    0x0, 0x89, 0x50, 0xc8, 0x40, 0x3d, 0x22, 0x0,
    0x2a, 0xae, 0x80, 0x8, 0xce, 0x0, 0x8f, 0xff,
    0x31, 0x0, 0x5f, 0xd8, 0x20, 0x2c, 0xa6, 0xaa,
    0x1c, 0x0, 0xb3, 0x80, 0x2e, 0x13, 0x8c, 0x42,
    0x70, 0xf, 0xc9, 0xa7, 0xef, 0x68, 0x20, 0x1f,
    0x19, 0x28, 0x9, 0x82, 0x30, 0x7, 0xdc, 0x84,
    0x76, 0xd9, 0x12, 0xc0, 0x13, 0x82, 0x2c, 0x8f,
    0x17, 0x9b, 0xcb, 0x80, 0x16, 0xd6, 0x52, 0x92,
    0x68, 0x8d, 0xd, 0xcc, 0x26, 0x2b, 0x3c, 0x3a,
    0x73, 0x2b, 0xa9, 0x10, 0xc7, 0x0, 0x1c, 0x5e,
    0xff, 0xf8, 0x80,

    /* U+8FD9 "这" */
    0x0, 0xff, 0xe2, 0xa, 0x0, 0x61, 0xe3, 0x0,
    0xf3, 0x59, 0x80, 0x43, 0x18, 0x40, 0x1c, 0xeb,
    0xc0, 0x19, 0xa4, 0xc0, 0x3d, 0x6c, 0x57, 0xff,
    0x4f, 0x7f, 0xc2, 0x0, 0x1b, 0x2a, 0xde, 0xff,
    0x70, 0x57, 0x8, 0x7, 0xc, 0xe8, 0x82, 0x82,
    0x88, 0x3, 0xfe, 0x40, 0x91, 0xc2, 0xf5, 0x0,
    0xdf, 0xe1, 0x0, 0x16, 0xb6, 0x24, 0x80, 0x7f,
    0xd2, 0x20, 0xe0, 0x1f, 0xe3, 0xc5, 0x6b, 0x50,
    0xf, 0x8e, 0xb2, 0x6a, 0x5e, 0x94, 0x2, 0x31,
    0xd7, 0x1d, 0x70, 0x4, 0x30, 0x80, 0xd7, 0x51,
    0xd1, 0x3a, 0x26, 0xc2, 0x41, 0xc, 0x5a, 0xd0,
    0x9a, 0xbb, 0xaa, 0x44,

    /* U+901A "通" */
    0x0, 0xff, 0xe2, 0xa5, 0x0, 0x37, 0xff, 0xe6,
    0x0, 0x99, 0x5c, 0x37, 0xf1, 0xfe, 0xc6, 0xd8,
    0x2, 0x2a, 0x0, 0xc4, 0x7d, 0x38, 0x80, 0x1c,
    0xae, 0x1d, 0xfc, 0x82, 0x5b, 0xfe, 0x0, 0x1c,
    0x40, 0x80, 0x19, 0xfe, 0xe, 0xfe, 0x0, 0x87,
    0xd5, 0xc0, 0x19, 0xfe, 0xe, 0xfe, 0x0, 0x89,
    0xc4, 0x40, 0x79, 0xfc, 0x1b, 0xfa, 0x1, 0xfc,
    0xe2, 0x1, 0x8, 0x7, 0xf1, 0xd7, 0xf8, 0x33,
    0xf0, 0x3, 0xfb, 0x7b, 0x81, 0xf9, 0x20, 0x1e,
    0xd0, 0xf, 0x9a, 0xc, 0x2, 0x90, 0x2e, 0x1b,
    0x54, 0x55, 0x3, 0x4a, 0x83, 0x26, 0x5f, 0xc9,
    0x4c, 0x92, 0xad, 0xaa, 0x41, 0xb0, 0x0, 0x2d,
    0x59, 0xbd, 0xcf, 0xfb, 0x0,

    /* U+907F "避" */
    0x0, 0xff, 0x17, 0x10, 0x6, 0xd6, 0xc, 0xff,
    0x94, 0xc4, 0x48, 0x62, 0x0, 0xa8, 0x7, 0x8e,
    0x30, 0xdd, 0xc, 0x6a, 0x80, 0x1d, 0xc2, 0x2,
    0x20, 0x6, 0xb7, 0x42, 0xa0, 0x5, 0x22, 0x13,
    0xe6, 0x4, 0xc9, 0x84, 0x0, 0x7b, 0xb1, 0x3c,
    0xf7, 0x11, 0x90, 0xd0, 0x10, 0x4, 0x90, 0x44,
    0x42, 0x20, 0x97, 0x80, 0x4d, 0x6, 0x91, 0x11,
    0x5f, 0xf9, 0xbb, 0x4a, 0xf6, 0x40, 0x33, 0x90,
    0x72, 0x80, 0x88, 0x0, 0x20, 0x1d, 0xe8, 0x1,
    0xbf, 0xc5, 0x7e, 0x80, 0x19, 0x68, 0x8, 0x1,
    0xdc, 0x1b, 0xe4, 0x0, 0xd0, 0x41, 0x8a, 0x1,
    0xfd, 0x4b, 0xba, 0x8b, 0xc5, 0x22, 0x38, 0x19,
    0x81, 0x5a, 0xeb, 0xb9, 0x1b, 0xb9, 0xab, 0x38,
    0x17, 0x0, 0x5, 0x39, 0xdf, 0xfe, 0xd0,

    /* U+90A3 "那" */
    0x0, 0xff, 0xe2, 0xc7, 0xff, 0x83, 0x7f, 0xf7,
    0x0, 0x23, 0x99, 0x9d, 0x60, 0x3, 0x9d, 0xd1,
    0xa0, 0x4, 0x20, 0x1, 0x70, 0x1, 0x98, 0x8c,
    0xdc, 0x0, 0x33, 0xe5, 0x0, 0xe7, 0x14, 0x0,
    0x57, 0x2a, 0xba, 0x0, 0x3a, 0x98, 0x2, 0x9d,
    0x66, 0x6e, 0x80, 0x31, 0x1d, 0x0, 0x7f, 0xf0,
    0x4c, 0x54, 0x2, 0xef, 0x66, 0x7e, 0x0, 0x61,
    0xa8, 0x20, 0x6, 0xe1, 0xbe, 0x48, 0x7, 0x22,
    0x20, 0x0, 0x66, 0x1d, 0x35, 0x0, 0xf6, 0xa0,
    0x4, 0x44, 0x70, 0xf, 0x87, 0x0, 0x35, 0x99,
    0x0, 0x79, 0xf9, 0x64, 0x0, 0x8d, 0x0, 0x1f,
    0x3b, 0xb5, 0xc0, 0xad, 0x10, 0x17, 0xa4, 0x6,
    0x0, 0x82, 0x0, 0x15, 0xd0, 0x3, 0x5b, 0xc0,
    0x3f, 0x0,

    /* U+90E8 "部" */
    0x0, 0xff, 0xe3, 0x72, 0x80, 0x7f, 0xf0, 0x66,
    0x0, 0x23, 0xdd, 0xd4, 0x13, 0xfe, 0x82, 0xff,
    0x63, 0x94, 0xc8, 0xc8, 0x22, 0xa3, 0xb9, 0x7,
    0xae, 0x8, 0xa3, 0x60, 0x27, 0x6, 0x38, 0xa2,
    0x1, 0x20, 0x98, 0x1, 0x89, 0xc9, 0x2c, 0x3,
    0x7b, 0x0, 0x3f, 0xc5, 0x5a, 0x1b, 0xea, 0x0,
    0x4f, 0x0, 0x77, 0x7e, 0x50, 0x5, 0xc2, 0x0,
    0x99, 0x17, 0x8, 0x4, 0xad, 0x40, 0xe, 0xdf,
    0xf7, 0x60, 0x7, 0x40, 0xa0, 0x2, 0x73, 0x1c,
    0x1, 0xe2, 0x0, 0xff, 0xe0, 0x16, 0xe1, 0xa0,
    0x2, 0x3f, 0xd8, 0x1, 0x8a, 0xed, 0x80, 0x14,
    0x7f, 0xb0, 0x3, 0x99, 0x0, 0x27, 0x10, 0x0,
    0x88, 0x3, 0xf0,

    /* U+91CF "量" */
    0x0, 0xbf, 0x33, 0xf7, 0x80, 0x78, 0x47, 0xf0,
    0x7, 0xd7, 0x33, 0xeb, 0x0, 0xf4, 0x81, 0x17,
    0x82, 0x40, 0x5, 0xfd, 0x77, 0xfe, 0xef, 0x2f,
    0xeb, 0xbf, 0xf7, 0x78, 0x0, 0x67, 0x84, 0x55,
    0x41, 0x17, 0x48, 0x80, 0x72, 0xd5, 0x8, 0x95,
    0x45, 0x0, 0xfa, 0xe2, 0xa, 0xa8, 0x85, 0x80,
    0x70, 0xc0, 0x91, 0x1d, 0xc4, 0x41, 0x81, 0x0,
    0x9e, 0xef, 0x11, 0x2e, 0xea, 0x50, 0x9, 0xb7,
    0x32, 0x77, 0x66, 0x65, 0x0, 0x5e, 0x63, 0x76,
    0x77, 0x6e, 0xd9, 0xb6,

    /* U+9488 "针" */
    0x0, 0x84, 0x40, 0x1f, 0xfc, 0x29, 0xb0, 0xe,
    0x4f, 0x0, 0xf1, 0x3a, 0xff, 0xa0, 0x0, 0xe0,
    0x1f, 0x74, 0xf7, 0x50, 0x1, 0xfd, 0x2e, 0xc2,
    0x30, 0x7, 0xf0, 0xab, 0xff, 0xdd, 0x1f, 0xec,
    0xf, 0xf9, 0x87, 0x36, 0x87, 0xb2, 0x77, 0xac,
    0x3b, 0x9a, 0xe0, 0x20, 0x20, 0x3, 0x12, 0x17,
    0x1, 0x11, 0x8, 0x47, 0x58, 0xf7, 0x18, 0x3,
    0xfa, 0x7f, 0x7, 0xfc, 0xc0, 0x1f, 0xfc, 0x22,
    0x60, 0xf, 0xfe, 0xb, 0xe8, 0x80, 0x7f, 0xc8,
    0x33, 0x8e, 0x1, 0xff, 0x22, 0x3c, 0xc0, 0x27,
    0x0, 0xe0,

    /* U+949F "钟" */
    0x0, 0xe, 0xa0, 0x7, 0x7a, 0x0, 0x73, 0x93,
    0x80, 0x7f, 0xf0, 0x2c, 0x81, 0x0, 0x3f, 0xd2,
    0x43, 0xf2, 0x6e, 0xf0, 0x6b, 0xb8, 0x95, 0xa7,
    0x31, 0xa5, 0x0, 0x20, 0x22, 0x86, 0x79, 0xbf,
    0xf6, 0x88, 0x2b, 0x6, 0x30, 0x81, 0x36, 0x8d,
    0xe8, 0x7, 0xff, 0x36, 0xfc, 0x6f, 0xd0, 0x1c,
    0xc0, 0x8c, 0x40, 0x13, 0xa3, 0x38, 0xa1, 0x3e,
    0x17, 0xe0, 0x11, 0x10, 0x8, 0x80, 0x9b, 0x81,
    0x38, 0xae, 0x1, 0x8f, 0xc2, 0xc4, 0x3, 0x51,
    0x80, 0x4, 0x50, 0xe2, 0x1, 0xfe, 0x40, 0x79,
    0x0, 0xff, 0x96, 0xa0, 0x3, 0xc2, 0x1, 0x0,

    /* U+94AE "钮" */
    0x0, 0x98, 0x40, 0x3f, 0xf8, 0x25, 0x26, 0x0,
    0x43, 0x3f, 0x8, 0x5, 0x8, 0x26, 0x51, 0xc,
    0xe8, 0x86, 0x28, 0x1, 0x14, 0x22, 0x9, 0x96,
    0x53, 0x76, 0x17, 0x1, 0x99, 0x5d, 0xcc, 0x0,
    0x37, 0x0, 0x8, 0x80, 0x86, 0x7b, 0xa0, 0x8,
    0x44, 0x1, 0x18, 0x1e, 0x78, 0xe7, 0x83, 0xb8,
    0x15, 0x9c, 0x4, 0x3, 0xc2, 0x1d, 0xc0, 0xfe,
    0xe0, 0x6, 0xbe, 0xc, 0xf4, 0x9a, 0x18, 0x85,
    0x8, 0x5, 0x7c, 0x19, 0xc8, 0xe, 0x60, 0x7,
    0x0, 0xfc, 0x60, 0x1, 0x10, 0x0, 0x4c, 0x3,
    0xcd, 0x88, 0x4, 0xc0, 0x10, 0x80, 0x61, 0xb,
    0x85, 0xf, 0x30, 0x1, 0xb8, 0x80, 0x48, 0x16,
    0xd9, 0xcc, 0xfd, 0xc8, 0x5f, 0x10, 0x2, 0xea,
    0x6, 0xf7, 0x7e, 0x10,

    /* U+9501 "锁" */
    0x0, 0xb1, 0x0, 0x3b, 0xcc, 0x4, 0x3, 0x21,
    0x28, 0xe, 0x88, 0x8, 0x1f, 0x10, 0x5, 0x1,
    0xb8, 0x8d, 0xa0, 0x17, 0x99, 0x0, 0x14, 0xeb,
    0xe1, 0x26, 0xc0, 0x2a, 0xf0, 0x0, 0xdc, 0x21,
    0xa0, 0xb8, 0xb0, 0xd8, 0x28, 0x81, 0x2c, 0x7f,
    0xc5, 0x15, 0x8a, 0x59, 0x24, 0x7, 0x7e, 0x39,
    0xe4, 0x11, 0x5d, 0x14, 0x1, 0xff, 0xc1, 0x95,
    0x0, 0xed, 0xf1, 0xcf, 0x50, 0xc, 0x20, 0x1d,
    0x9c, 0x37, 0xca, 0x1, 0x19, 0x0, 0x70, 0x88,
    0x1c, 0xc1, 0x9c, 0x85, 0x41, 0x0, 0x3c, 0x98,
    0x76, 0x76, 0xa0, 0x96, 0x60, 0x11, 0xc, 0x51,
    0x84, 0x3d, 0xa5, 0xd0, 0x80, 0x4c, 0x38, 0x8d,
    0xcb, 0x82, 0xba, 0xf8, 0x1, 0x27, 0x18, 0x3c,
    0x69, 0x0, 0xb, 0x78, 0x0,

    /* U+9519 "错" */
    0x0, 0xa8, 0xc0, 0x29, 0x40, 0x39, 0x0, 0xe4,
    0x57, 0x0, 0x90, 0x41, 0xd8, 0x3, 0xa4, 0xdc,
    0xc5, 0xcf, 0x1b, 0x41, 0xd4, 0x1, 0x4, 0x1f,
    0x27, 0xc0, 0x5e, 0x41, 0xc4, 0x8, 0xf5, 0xba,
    0xa2, 0x93, 0xe9, 0xf0, 0x97, 0x4, 0xcb, 0xef,
    0x87, 0xc2, 0x8c, 0x90, 0xcc, 0x20, 0x1f, 0x86,
    0x43, 0x76, 0xff, 0x7e, 0xf7, 0x14, 0x4, 0x2,
    0x11, 0x11, 0x7e, 0x10, 0xcf, 0xc, 0xf3, 0xee,
    0xf7, 0x80, 0x5b, 0xe1, 0x9c, 0x66, 0xae, 0xeb,
    0x40, 0x3f, 0x38, 0x2, 0xff, 0xec, 0x0, 0xfa,
    0xe4, 0x42, 0xff, 0xec, 0x0, 0xe2, 0x5, 0xf1,
    0x2, 0x2c, 0xc0, 0x1c, 0xeb, 0x82, 0x7, 0x7d,
    0xd4, 0x0, 0x72, 0x50, 0x6, 0x9c, 0xcb, 0x7c,
    0x0,

    /* U+952E "键" */
    0x0, 0x43, 0x80, 0x7a, 0xd4, 0x3, 0xcc, 0x0,
    0x54, 0x32, 0x67, 0xd5, 0x50, 0x4, 0xc3, 0xf1,
    0x35, 0x41, 0xc2, 0x3f, 0xa0, 0x0, 0xc3, 0x7,
    0xe1, 0x68, 0xc1, 0x6c, 0x81, 0x4, 0xbc, 0xc3,
    0x89, 0x2f, 0x70, 0xef, 0xc3, 0xc2, 0x3f, 0x31,
    0x4c, 0xe3, 0x9a, 0x71, 0xc1, 0xa0, 0x6, 0x78,
    0xa8, 0x6e, 0x4f, 0x3b, 0xc2, 0x0, 0xe1, 0x16,
    0xe1, 0xa7, 0x1d, 0xf6, 0x80, 0x7, 0xd2, 0xe9,
    0x1c, 0x63, 0xce, 0xbf, 0x80, 0x3, 0xe9, 0x57,
    0x1a, 0xb1, 0xe7, 0x5f, 0xc0, 0x1e, 0x57, 0x6f,
    0xde, 0x3b, 0xee, 0x8, 0x6, 0xae, 0xb0, 0x3c,
    0xe3, 0xbe, 0xf1, 0x0, 0xa, 0x22, 0xe1, 0x62,
    0x98, 0x4c, 0x8c, 0xc0, 0x1, 0xaa, 0x2b, 0x56,
    0xf7, 0x8d, 0xe6, 0xf8, 0x4, 0xa0, 0xb8, 0x0,
    0x59, 0xcd, 0xef, 0xc0,

    /* U+95ED "闭" */
    0x0, 0x4a, 0x0, 0x7f, 0xf0, 0x6, 0xc8, 0x37,
    0xff, 0xe0, 0x28, 0x80, 0x87, 0xe4, 0x6e, 0xd2,
    0xd, 0xa0, 0xe6, 0x4, 0x10, 0x64, 0x43, 0x13,
    0x10, 0xf, 0x84, 0x3, 0xc5, 0xff, 0xb0, 0x3f,
    0xcc, 0x1, 0x8b, 0x37, 0x50, 0x0, 0xcc, 0x38,
    0x7, 0x19, 0x12, 0x94, 0xc, 0xc2, 0x1, 0xf5,
    0x4, 0x80, 0x7f, 0xa9, 0x3c, 0x3, 0xf9, 0x39,
    0x34, 0x80, 0x3f, 0x99, 0xfc, 0xc1, 0x0, 0x3f,
    0x14, 0x88, 0x64, 0x28, 0x12, 0xf8, 0x18, 0x7,
    0x77, 0x28, 0x1, 0x4f, 0xd, 0xc0, 0x18, 0x84,
    0x0, 0x5f, 0xac,

    /* U+95F9 "闹" */
    0x6, 0x70, 0xf, 0xfe, 0x2, 0xc4, 0x3, 0xff,
    0xf2, 0x1, 0xce, 0x87, 0x5f, 0xff, 0xb, 0xc1,
    0xb2, 0x81, 0xc9, 0x0, 0x79, 0x19, 0x9b, 0xaf,
    0xf, 0xdd, 0x58, 0x7, 0x3e, 0x6e, 0x8f, 0xb7,
    0x24, 0x3, 0x84, 0x40, 0x1c, 0x24, 0x1, 0xc3,
    0xfd, 0xc1, 0xde, 0xe6, 0x80, 0x70, 0x86, 0x70,
    0xef, 0x58, 0x7, 0xff, 0x3c, 0xc0, 0x3c, 0x20,
    0x1d, 0x72, 0x80, 0x1c, 0x3e, 0x40, 0x21, 0x5f,
    0x20, 0x20, 0x1f, 0x30, 0x88, 0x17, 0x40, 0x44,
    0x1, 0xd2, 0x40, 0x6, 0x17, 0x20,

    /* U+96EA "雪" */
    0x0, 0xff, 0xe1, 0xf7, 0x77, 0xf7, 0x73, 0x1,
    0x66, 0x70, 0xc6, 0x66, 0x42, 0xff, 0x4c, 0xe1,
    0xa9, 0x9d, 0xd8, 0x31, 0xf, 0xf5, 0xc, 0xc7,
    0xfa, 0xfc, 0x29, 0xd8, 0xcc, 0x1, 0x29, 0x98,
    0x4a, 0x18, 0xba, 0xec, 0x80, 0xc, 0xbb, 0x30,
    0xb0, 0x2, 0xb7, 0x4b, 0xeb, 0x7b, 0xa7, 0x0,
    0x90, 0x8a, 0x32, 0x32, 0x28, 0xc8, 0x1, 0xd3,
    0x3f, 0xd9, 0x60, 0xa, 0xba, 0xaf, 0xac, 0x3,
    0xf, 0xee, 0xfd, 0x80, 0x18, 0x7b, 0x77, 0xf0,
    0x6, 0xce, 0xef, 0xe0, 0xd, 0x9d, 0xdf, 0xc0,
    0x10,

    /* U+9759 "静" */
    0x0, 0xfe, 0x10, 0xf, 0xee, 0x40, 0x8, 0xf8,
    0x80, 0x38, 0x8c, 0x80, 0x88, 0x61, 0x64, 0x40,
    0xe, 0x58, 0x91, 0xa9, 0xf1, 0x50, 0xdf, 0xe0,
    0x9, 0xff, 0xc3, 0x7f, 0x8, 0x3b, 0xa1, 0x80,
    0xd, 0x9a, 0x39, 0xb9, 0x76, 0x48, 0x15, 0x30,
    0x2, 0xf7, 0x89, 0x7f, 0xab, 0x79, 0xd2, 0x70,
    0x80, 0x4c, 0xd7, 0x86, 0x49, 0x54, 0x19, 0xa1,
    0x0, 0x24, 0xdd, 0xee, 0xae, 0xe0, 0xe7, 0xe,
    0xa0, 0xe, 0xf7, 0x2d, 0xab, 0xb8, 0x39, 0xc3,
    0xa8, 0x0, 0xde, 0xe5, 0x80, 0xa2, 0x5, 0xd0,
    0x40, 0x36, 0xf7, 0x2c, 0xb, 0xb8, 0x1f, 0xc0,
    0x1d, 0xbd, 0xcb, 0x3, 0xaa, 0xc, 0x56, 0x10,
    0x5, 0xbd, 0xcb, 0x10, 0x8, 0x40, 0x6, 0x1,
    0x18, 0x2, 0xae, 0x82, 0x3c, 0xc8, 0x3, 0xb8,
    0xc2, 0xb9, 0x82, 0x7b, 0x0, 0x38,

    /* U+9760 "靠" */
    0x0, 0xff, 0xe3, 0x4b, 0x0, 0x26, 0x40, 0x1f,
    0x91, 0xaf, 0x30, 0xee, 0xcc, 0xb5, 0x0, 0x28,
    0xaf, 0xee, 0x22, 0x3b, 0xb2, 0x80, 0x2d, 0xbe,
    0x22, 0x77, 0x44, 0x53, 0x72, 0x1d, 0xde, 0x99,
    0x77, 0x76, 0x82, 0xa5, 0x5d, 0xfe, 0x84, 0x40,
    0x6, 0xdf, 0xff, 0x58, 0x80, 0x7b, 0x7f, 0xfd,
    0x60, 0x18, 0xcd, 0x57, 0x41, 0xd8, 0x17, 0x69,
    0x32, 0xb, 0x9e, 0xe8, 0x4, 0x41, 0xdd, 0x4a,
    0x5, 0x16, 0xe8, 0xc0, 0x36, 0xec, 0x4c, 0x7,
    0xa6, 0x6d, 0x0, 0xc6, 0x76, 0x80, 0xfd, 0xd5,
    0x2c, 0x3, 0x55, 0x57, 0x83, 0xfd, 0xd6, 0x0,
    0x6e, 0xed, 0xa0, 0x20, 0x1f, 0xfc, 0x1,

    /* U+97F3 "音" */
    0x0, 0xe1, 0xd4, 0x0, 0xf8, 0x84, 0x60, 0x6,
    0x88, 0xe2, 0x3, 0xcc, 0xe0, 0x4c, 0xcd, 0xe0,
    0x7d, 0xb5, 0x4d, 0xdc, 0x91, 0xba, 0x0, 0xc5,
    0x4, 0x0, 0x16, 0x10, 0x9, 0xc, 0xcc, 0x28,
    0x66, 0x82, 0x73, 0x32, 0x7c, 0x44, 0xbb, 0x10,
    0x26, 0x88, 0xd7, 0x7f, 0xfc, 0x1c, 0x0, 0x5f,
    0xff, 0xeb, 0x0, 0xe6, 0xff, 0xf2, 0x80, 0x79,
    0xbf, 0xfc, 0xa0, 0x1e, 0x6f, 0xff, 0x28, 0x7,
    0xc2, 0x3e, 0x0, 0xf9, 0xf3, 0x3c, 0xa0, 0x1e,
    0x7d, 0xdf, 0x28, 0x7, 0x5c, 0x80, 0x7a, 0xac,
    0x0,

    /* U+9897 "颗" */
    0x0, 0x8, 0xf8, 0x3, 0xf8, 0xfb, 0x7b, 0x37,
    0xab, 0xbb, 0xb4, 0x2, 0x1c, 0x2e, 0xe0, 0xd7,
    0x78, 0xf7, 0x30, 0x3, 0x11, 0xb3, 0x0, 0x22,
    0x10, 0x0, 0x80, 0x43, 0x23, 0x30, 0x3, 0x12,
    0x11, 0x2, 0x0, 0x86, 0xcb, 0xf8, 0xd, 0xbe,
    0xf5, 0xd8, 0x3, 0x71, 0x6e, 0x1, 0x82, 0x43,
    0x8b, 0x80, 0xf, 0xb8, 0x5b, 0xdc, 0x0, 0x88,
    0xc0, 0x36, 0xff, 0x8b, 0x3f, 0xce, 0x1, 0x8,
    0x6, 0xdf, 0x60, 0xca, 0xf4, 0x3, 0x10, 0xf,
    0x23, 0x5, 0xd4, 0x1, 0xa2, 0x81, 0x80, 0x4d,
    0x72, 0x57, 0x88, 0x7b, 0x7b, 0x9c, 0x60, 0xf,
    0x96, 0x30, 0x3c, 0xb, 0x66, 0x26, 0x20, 0x2,
    0x58, 0x0, 0xe0, 0xa, 0xb, 0x8, 0x87, 0x80,
    0x77, 0x20, 0x2, 0xac, 0x2, 0x7b, 0x0,

    /* U+9AD8 "高" */
    0x0, 0xf0, 0x88, 0x3, 0xff, 0x81, 0xd2, 0x1,
    0xea, 0xaf, 0xb, 0x55, 0x7b, 0xff, 0xd7, 0x6f,
    0xff, 0x2a, 0x83, 0xbb, 0xf3, 0x2a, 0x80, 0x4,
    0xf1, 0x1e, 0x57, 0x0, 0xff, 0xe3, 0x13, 0xc4,
    0x79, 0x5c, 0x0, 0x6c, 0x7b, 0xbf, 0x95, 0x91,
    0x16, 0x1, 0xfe, 0xad, 0x1, 0x67, 0xdd, 0xf2,
    0x33, 0x0, 0x30, 0xa4, 0xce, 0x41, 0x0, 0xff,
    0xe4, 0xa, 0x4c, 0xe4, 0x10, 0x0, 0x80, 0x43,
    0x77, 0xe2, 0xb4, 0xc7, 0xc0, 0xf, 0xeb, 0xe4,

    /* U+9EA6 "麦" */
    0x0, 0xfb, 0xd4, 0x3, 0xf3, 0x65, 0xde, 0x9,
    0xbb, 0xd8, 0x20, 0x4, 0xf9, 0x9c, 0x35, 0x33,
    0x44, 0x4, 0x0, 0x46, 0x45, 0x80, 0x8b, 0x1a,
    0x0, 0x6a, 0xee, 0xc3, 0x5d, 0xda, 0x0, 0x35,
    0x77, 0x61, 0xae, 0xed, 0x0, 0x6, 0xcc, 0xf0,
    0xce, 0x67, 0x89, 0xb7, 0x32, 0xf3, 0x9d, 0xcc,
    0xed, 0x20, 0x10, 0x1, 0x68, 0x4f, 0xfd, 0xa2,
    0x2, 0x1, 0x9f, 0x46, 0x3f, 0xda, 0x10, 0x20,
    0x18, 0x7a, 0x6b, 0x21, 0x47, 0xd9, 0x40, 0x38,
    0x77, 0x94, 0xea, 0x9e, 0xf2, 0x1, 0xf1, 0x81,
    0x3d, 0x91, 0x12, 0x10, 0x84, 0x40, 0x5, 0xdf,
    0xce, 0xad, 0xcb, 0x3b, 0xde, 0xa0, 0x2, 0x5e,
    0xf4, 0xa0, 0x1, 0x6f, 0xfb, 0x24, 0x0,

    /* U+FF01 "！" */
    0x7, 0x50, 0x8e, 0x0, 0x8, 0x0, 0xc0, 0x44,
    0x7, 0xe0, 0x22, 0x7, 0x30, 0xb5, 0x0, 0x87,
    0xa4, 0x4, 0x80,

    /* U+FF08 "（" */
    0x0, 0xce, 0x1, 0xaf, 0x0, 0x29, 0x1b, 0x0,
    0x22, 0x28, 0x2, 0xfb, 0x0, 0xc8, 0xc0, 0x11,
    0x8, 0x6, 0x30, 0xe, 0x11, 0x0, 0x72, 0x30,
    0x6, 0xfb, 0x0, 0xc8, 0xf4, 0x1, 0xa9, 0xac,
    0x3, 0x66, 0x80,

    /* U+FF09 "）" */
    0x7, 0x0, 0xed, 0xc0, 0xd, 0x4d, 0x40, 0x1a,
    0x9d, 0x0, 0x34, 0x40, 0x3, 0x29, 0x80, 0x71,
    0x18, 0x7, 0x8, 0x6, 0x23, 0x0, 0x94, 0xc4,
    0x2, 0x89, 0x0, 0xa9, 0x94, 0x1, 0x4d, 0x40,
    0x16, 0x60, 0x40, 0x0,

    /* U+FF0C "，" */
    0x6, 0x60, 0x84, 0xc8, 0x80, 0x3b, 0xc4, 0x41,
    0x8, 0x41, 0x74, 0x0,

    /* U+FF1A "：" */
    0x11, 0x7, 0x70, 0x40, 0x2f, 0xf0, 0x8c, 0x1d,
    0xc1, 0x0, 0x80,

    /* U+FF1B "；" */
    0x1, 0x10, 0x3, 0xb8, 0x20, 0x1d, 0xfe, 0x10,
    0x22, 0x0, 0x37, 0x42, 0x1, 0xdc, 0x2, 0x14,
    0xe0, 0x8, 0x80, 0x0,

    /* U+FF1F "？" */
    0x1, 0x67, 0x10, 0x1, 0x75, 0x5f, 0x88, 0x5a,
    0xe6, 0xa, 0x43, 0xfc, 0x0, 0x60, 0x3, 0x28,
    0xa, 0xe0, 0x6, 0xc5, 0x40, 0xa, 0x6, 0x80,
    0x33, 0x40, 0x7, 0x94, 0x3, 0xb8, 0x40, 0x32,
    0x6a, 0x80, 0x61, 0x23, 0x0, 0x80,

    /* U+FF5E "～" */
    0x0, 0x85, 0x8, 0x3, 0xfe, 0x2c, 0xf8, 0xfd,
    0x60, 0xf, 0x50, 0x3, 0xeb, 0xb3, 0x7b, 0x79,
    0x88, 0x53, 0x34, 0x1, 0xcc, 0x1, 0x1d, 0xee,
    0x7f, 0xa2, 0x5c, 0x0
};


/*---------------------
 *  GLYPH DESCRIPTION
 *--------------------*/

static const lv_font_fmt_txt_glyph_dsc_t glyph_dsc[] = {
    {.bitmap_index = 0, .adv_w = 0, .box_w = 0, .box_h = 0, .ofs_x = 0, .ofs_y = 0} /* id = 0 reserved */,
    {.bitmap_index = 0, .adv_w = 128, .box_w = 0, .box_h = 0, .ofs_x = 0, .ofs_y = 0},
    {.bitmap_index = 0, .adv_w = 128, .box_w = 2, .box_h = 12, .ofs_x = 3, .ofs_y = 0},
    {.bitmap_index = 13, .adv_w = 128, .box_w = 4, .box_h = 4, .ofs_x = 2, .ofs_y = 8},
    {.bitmap_index = 21, .adv_w = 128, .box_w = 8, .box_h = 12, .ofs_x = 0, .ofs_y = 0},
    {.bitmap_index = 70, .adv_w = 128, .box_w = 7, .box_h = 15, .ofs_x = 0, .ofs_y = -2},
    {.bitmap_index = 121, .adv_w = 128, .box_w = 8, .box_h = 12, .ofs_x = 0, .ofs_y = 0},
    {.bitmap_index = 166, .adv_w = 128, .box_w = 8, .box_h = 12, .ofs_x = 0, .ofs_y = 0},
    {.bitmap_index = 213, .adv_w = 128, .box_w = 3, .box_h = 4, .ofs_x = 2, .ofs_y = 8},
    {.bitmap_index = 220, .adv_w = 128, .box_w = 5, .box_h = 16, .ofs_x = 3, .ofs_y = -2},
    {.bitmap_index = 256, .adv_w = 128, .box_w = 5, .box_h = 16, .ofs_x = 0, .ofs_y = -2},
    {.bitmap_index = 293, .adv_w = 128, .box_w = 8, .box_h = 9, .ofs_x = 0, .ofs_y = 3},
    {.bitmap_index = 329, .adv_w = 128, .box_w = 8, .box_h = 8, .ofs_x = 0, .ofs_y = 2},
    {.bitmap_index = 352, .adv_w = 128, .box_w = 2, .box_h = 4, .ofs_x = 1, .ofs_y = -2},
    {.bitmap_index = 357, .adv_w = 128, .box_w = 8, .box_h = 2, .ofs_x = 0, .ofs_y = 5},
    {.bitmap_index = 363, .adv_w = 128, .box_w = 2, .box_h = 2, .ofs_x = 1, .ofs_y = 0},
    {.bitmap_index = 366, .adv_w = 128, .box_w = 8, .box_h = 14, .ofs_x = 0, .ofs_y = -1},
    {.bitmap_index = 405, .adv_w = 128, .box_w = 8, .box_h = 13, .ofs_x = 0, .ofs_y = -1},
    {.bitmap_index = 456, .adv_w = 128, .box_w = 4, .box_h = 12, .ofs_x = 1, .ofs_y = 0},
    {.bitmap_index = 469, .adv_w = 128, .box_w = 8, .box_h = 13, .ofs_x = 0, .ofs_y = 0},
    {.bitmap_index = 513, .adv_w = 128, .box_w = 8, .box_h = 12, .ofs_x = 0, .ofs_y = 0},
    {.bitmap_index = 560, .adv_w = 128, .box_w = 8, .box_h = 12, .ofs_x = 0, .ofs_y = 0},
    {.bitmap_index = 596, .adv_w = 128, .box_w = 8, .box_h = 12, .ofs_x = 0, .ofs_y = 0},
    {.bitmap_index = 641, .adv_w = 128, .box_w = 8, .box_h = 12, .ofs_x = 0, .ofs_y = 0},
    {.bitmap_index = 686, .adv_w = 128, .box_w = 8, .box_h = 12, .ofs_x = 0, .ofs_y = 0},
    {.bitmap_index = 722, .adv_w = 128, .box_w = 8, .box_h = 12, .ofs_x = 0, .ofs_y = 0},
    {.bitmap_index = 770, .adv_w = 128, .box_w = 8, .box_h = 12, .ofs_x = 0, .ofs_y = 0},
    {.bitmap_index = 815, .adv_w = 128, .box_w = 2, .box_h = 8, .ofs_x = 3, .ofs_y = 0},
    {.bitmap_index = 822, .adv_w = 128, .box_w = 2, .box_h = 10, .ofs_x = 3, .ofs_y = -2},
    {.bitmap_index = 831, .adv_w = 128, .box_w = 8, .box_h = 14, .ofs_x = 0, .ofs_y = -1},
    {.bitmap_index = 875, .adv_w = 128, .box_w = 8, .box_h = 6, .ofs_x = 0, .ofs_y = 3},
    {.bitmap_index = 890, .adv_w = 128, .box_w = 8, .box_h = 14, .ofs_x = 0, .ofs_y = -1},
    {.bitmap_index = 933, .adv_w = 128, .box_w = 7, .box_h = 12, .ofs_x = 0, .ofs_y = 0},
    {.bitmap_index = 971, .adv_w = 128, .box_w = 8, .box_h = 12, .ofs_x = 0, .ofs_y = 0},
    {.bitmap_index = 1020, .adv_w = 128, .box_w = 8, .box_h = 12, .ofs_x = 0, .ofs_y = 0},
    {.bitmap_index = 1065, .adv_w = 128, .box_w = 8, .box_h = 12, .ofs_x = 0, .ofs_y = 0},
    {.bitmap_index = 1106, .adv_w = 128, .box_w = 8, .box_h = 12, .ofs_x = 0, .ofs_y = 0},
    {.bitmap_index = 1151, .adv_w = 128, .box_w = 8, .box_h = 12, .ofs_x = 0, .ofs_y = 0},
    {.bitmap_index = 1190, .adv_w = 128, .box_w = 8, .box_h = 12, .ofs_x = 0, .ofs_y = 0},
    {.bitmap_index = 1220, .adv_w = 128, .box_w = 8, .box_h = 12, .ofs_x = 0, .ofs_y = 0},
    {.bitmap_index = 1245, .adv_w = 128, .box_w = 8, .box_h = 12, .ofs_x = 0, .ofs_y = 0},
    {.bitmap_index = 1293, .adv_w = 128, .box_w = 8, .box_h = 12, .ofs_x = 0, .ofs_y = 0},
    {.bitmap_index = 1313, .adv_w = 128, .box_w = 2, .box_h = 12, .ofs_x = 3, .ofs_y = 0},
    {.bitmap_index = 1318, .adv_w = 128, .box_w = 7, .box_h = 12, .ofs_x = 0, .ofs_y = 0},
    {.bitmap_index = 1340, .adv_w = 128, .box_w = 8, .box_h = 12, .ofs_x = 0, .ofs_y = 0},
    {.bitmap_index = 1379, .adv_w = 128, .box_w = 8, .box_h = 12, .ofs_x = 0, .ofs_y = 0},
    {.bitmap_index = 1391, .adv_w = 128, .box_w = 8, .box_h = 12, .ofs_x = 0, .ofs_y = 0},
    {.bitmap_index = 1432, .adv_w = 128, .box_w = 8, .box_h = 12, .ofs_x = 0, .ofs_y = 0},
    {.bitmap_index = 1467, .adv_w = 128, .box_w = 8, .box_h = 12, .ofs_x = 0, .ofs_y = 0},
    {.bitmap_index = 1512, .adv_w = 128, .box_w = 8, .box_h = 12, .ofs_x = 0, .ofs_y = 0},
    {.bitmap_index = 1546, .adv_w = 128, .box_w = 8, .box_h = 13, .ofs_x = 0, .ofs_y = -1},
    {.bitmap_index = 1595, .adv_w = 128, .box_w = 8, .box_h = 12, .ofs_x = 0, .ofs_y = 0},
    {.bitmap_index = 1636, .adv_w = 128, .box_w = 8, .box_h = 12, .ofs_x = 0, .ofs_y = 0},
    {.bitmap_index = 1683, .adv_w = 128, .box_w = 8, .box_h = 12, .ofs_x = 0, .ofs_y = 0},
    {.bitmap_index = 1697, .adv_w = 128, .box_w = 8, .box_h = 12, .ofs_x = 0, .ofs_y = 0},
    {.bitmap_index = 1720, .adv_w = 128, .box_w = 8, .box_h = 12, .ofs_x = 0, .ofs_y = 0},
    {.bitmap_index = 1766, .adv_w = 128, .box_w = 8, .box_h = 12, .ofs_x = 0, .ofs_y = 0},
    {.bitmap_index = 1815, .adv_w = 128, .box_w = 8, .box_h = 12, .ofs_x = 0, .ofs_y = 0},
    {.bitmap_index = 1861, .adv_w = 128, .box_w = 8, .box_h = 12, .ofs_x = 0, .ofs_y = 0},
    {.bitmap_index = 1893, .adv_w = 128, .box_w = 8, .box_h = 12, .ofs_x = 0, .ofs_y = 0},
    {.bitmap_index = 1932, .adv_w = 128, .box_w = 5, .box_h = 16, .ofs_x = 3, .ofs_y = -2},
    {.bitmap_index = 1947, .adv_w = 128, .box_w = 8, .box_h = 14, .ofs_x = 0, .ofs_y = -2},
    {.bitmap_index = 1986, .adv_w = 128, .box_w = 5, .box_h = 16, .ofs_x = 0, .ofs_y = -2},
    {.bitmap_index = 2001, .adv_w = 128, .box_w = 7, .box_h = 3, .ofs_x = 0, .ofs_y = 11},
    {.bitmap_index = 2012, .adv_w = 128, .box_w = 8, .box_h = 1, .ofs_x = 0, .ofs_y = -2},
    {.bitmap_index = 2015, .adv_w = 128, .box_w = 4, .box_h = 3, .ofs_x = 2, .ofs_y = 11},
    {.bitmap_index = 2022, .adv_w = 128, .box_w = 8, .box_h = 8, .ofs_x = 0, .ofs_y = 0},
    {.bitmap_index = 2055, .adv_w = 128, .box_w = 8, .box_h = 12, .ofs_x = 0, .ofs_y = 0},
    {.bitmap_index = 2086, .adv_w = 128, .box_w = 8, .box_h = 8, .ofs_x = 0, .ofs_y = 0},
    {.bitmap_index = 2118, .adv_w = 128, .box_w = 7, .box_h = 12, .ofs_x = 0, .ofs_y = 0},
    {.bitmap_index = 2152, .adv_w = 128, .box_w = 8, .box_h = 8, .ofs_x = 0, .ofs_y = 0},
    {.bitmap_index = 2184, .adv_w = 128, .box_w = 8, .box_h = 12, .ofs_x = 0, .ofs_y = 0},
    {.bitmap_index = 2213, .adv_w = 128, .box_w = 8, .box_h = 11, .ofs_x = 0, .ofs_y = -2},
    {.bitmap_index = 2255, .adv_w = 128, .box_w = 7, .box_h = 12, .ofs_x = 0, .ofs_y = 0},
    {.bitmap_index = 2277, .adv_w = 128, .box_w = 2, .box_h = 12, .ofs_x = 3, .ofs_y = 0},
    {.bitmap_index = 2286, .adv_w = 128, .box_w = 5, .box_h = 14, .ofs_x = 1, .ofs_y = -2},
    {.bitmap_index = 2305, .adv_w = 128, .box_w = 8, .box_h = 12, .ofs_x = 0, .ofs_y = 0},
    {.bitmap_index = 2334, .adv_w = 128, .box_w = 2, .box_h = 12, .ofs_x = 3, .ofs_y = 0},
    {.bitmap_index = 2339, .adv_w = 128, .box_w = 8, .box_h = 8, .ofs_x = 0, .ofs_y = 0},
    {.bitmap_index = 2357, .adv_w = 128, .box_w = 7, .box_h = 8, .ofs_x = 0, .ofs_y = 0},
    {.bitmap_index = 2375, .adv_w = 128, .box_w = 8, .box_h = 8, .ofs_x = 0, .ofs_y = 0},
    {.bitmap_index = 2406, .adv_w = 128, .box_w = 8, .box_h = 10, .ofs_x = 0, .ofs_y = -2},
    {.bitmap_index = 2440, .adv_w = 128, .box_w = 7, .box_h = 10, .ofs_x = 0, .ofs_y = -2},
    {.bitmap_index = 2473, .adv_w = 128, .box_w = 6, .box_h = 8, .ofs_x = 1, .ofs_y = 0},
    {.bitmap_index = 2490, .adv_w = 128, .box_w = 6, .box_h = 8, .ofs_x = 1, .ofs_y = 0},
    {.bitmap_index = 2515, .adv_w = 128, .box_w = 7, .box_h = 11, .ofs_x = 0, .ofs_y = 0},
    {.bitmap_index = 2544, .adv_w = 128, .box_w = 7, .box_h = 8, .ofs_x = 0, .ofs_y = 0},
    {.bitmap_index = 2562, .adv_w = 128, .box_w = 8, .box_h = 8, .ofs_x = 0, .ofs_y = 0},
    {.bitmap_index = 2593, .adv_w = 128, .box_w = 8, .box_h = 8, .ofs_x = 0, .ofs_y = 0},
    {.bitmap_index = 2626, .adv_w = 128, .box_w = 8, .box_h = 8, .ofs_x = 0, .ofs_y = 0},
    {.bitmap_index = 2657, .adv_w = 128, .box_w = 8, .box_h = 10, .ofs_x = 0, .ofs_y = -2},
    {.bitmap_index = 2695, .adv_w = 128, .box_w = 7, .box_h = 8, .ofs_x = 0, .ofs_y = 0},
    {.bitmap_index = 2722, .adv_w = 128, .box_w = 4, .box_h = 15, .ofs_x = 3, .ofs_y = -2},
    {.bitmap_index = 2747, .adv_w = 128, .box_w = 2, .box_h = 17, .ofs_x = 3, .ofs_y = -2},
    {.bitmap_index = 2752, .adv_w = 128, .box_w = 5, .box_h = 15, .ofs_x = 0, .ofs_y = -2},
    {.bitmap_index = 2782, .adv_w = 128, .box_w = 8, .box_h = 5, .ofs_x = 0, .ofs_y = 11},
    {.bitmap_index = 2800, .adv_w = 256, .box_w = 4, .box_h = 5, .ofs_x = 2, .ofs_y = 8},
    {.bitmap_index = 2811, .adv_w = 256, .box_w = 4, .box_h = 3, .ofs_x = 6, .ofs_y = 5},
    {.bitmap_index = 2817, .adv_w = 256, .box_w = 16, .box_h = 1, .ofs_x = 0, .ofs_y = 6},
    {.bitmap_index = 2821, .adv_w = 256, .box_w = 14, .box_h = 3, .ofs_x = 1, .ofs_y = 5},
    {.bitmap_index = 2839, .adv_w = 256, .box_w = 13, .box_h = 10, .ofs_x = 1, .ofs_y = 1},
    {.bitmap_index = 2878, .adv_w = 256, .box_w = 4, .box_h = 6, .ofs_x = 2, .ofs_y = -1},
    {.bitmap_index = 2890, .adv_w = 256, .box_w = 4, .box_h = 5, .ofs_x = 2, .ofs_y = -1},
    {.bitmap_index = 2900, .adv_w = 256, .box_w = 6, .box_h = 14, .ofs_x = 7, .ofs_y = -1},
    {.bitmap_index = 2911, .adv_w = 256, .box_w = 6, .box_h = 14, .ofs_x = 2, .ofs_y = -2},
    {.bitmap_index = 2922, .adv_w = 256, .box_w = 16, .box_h = 2, .ofs_x = 0, .ofs_y = 5},
    {.bitmap_index = 2932, .adv_w = 256, .box_w = 16, .box_h = 14, .ofs_x = 0, .ofs_y = -1},
    {.bitmap_index = 2971, .adv_w = 256, .box_w = 14, .box_h = 14, .ofs_x = 1, .ofs_y = -1},
    {.bitmap_index = 3023, .adv_w = 256, .box_w = 15, .box_h = 14, .ofs_x = 0, .ofs_y = -1},
    {.bitmap_index = 3084, .adv_w = 256, .box_w = 15, .box_h = 16, .ofs_x = 0, .ofs_y = -2},
    {.bitmap_index = 3168, .adv_w = 256, .box_w = 15, .box_h = 14, .ofs_x = 0, .ofs_y = -1},
    {.bitmap_index = 3260, .adv_w = 256, .box_w = 15, .box_h = 14, .ofs_x = 1, .ofs_y = -1},
    {.bitmap_index = 3343, .adv_w = 256, .box_w = 13, .box_h = 15, .ofs_x = 1, .ofs_y = -2},
    {.bitmap_index = 3394, .adv_w = 256, .box_w = 12, .box_h = 14, .ofs_x = 2, .ofs_y = -1},
    {.bitmap_index = 3459, .adv_w = 256, .box_w = 15, .box_h = 15, .ofs_x = 0, .ofs_y = -2},
    {.bitmap_index = 3539, .adv_w = 256, .box_w = 12, .box_h = 15, .ofs_x = 2, .ofs_y = -2},
    {.bitmap_index = 3580, .adv_w = 256, .box_w = 16, .box_h = 16, .ofs_x = 0, .ofs_y = -2},
    {.bitmap_index = 3680, .adv_w = 256, .box_w = 16, .box_h = 16, .ofs_x = 0, .ofs_y = -2},
    {.bitmap_index = 3766, .adv_w = 256, .box_w = 15, .box_h = 16, .ofs_x = 1, .ofs_y = -2},
    {.bitmap_index = 3862, .adv_w = 256, .box_w = 16, .box_h = 15, .ofs_x = 0, .ofs_y = -2},
    {.bitmap_index = 3958, .adv_w = 256, .box_w = 16, .box_h = 15, .ofs_x = 0, .ofs_y = -1},
    {.bitmap_index = 4048, .adv_w = 256, .box_w = 15, .box_h = 16, .ofs_x = 0, .ofs_y = -2},
    {.bitmap_index = 4110, .adv_w = 256, .box_w = 16, .box_h = 16, .ofs_x = 0, .ofs_y = -2},
    {.bitmap_index = 4191, .adv_w = 256, .box_w = 16, .box_h = 16, .ofs_x = 0, .ofs_y = -2},
    {.bitmap_index = 4297, .adv_w = 256, .box_w = 16, .box_h = 17, .ofs_x = 0, .ofs_y = -3},
    {.bitmap_index = 4397, .adv_w = 256, .box_w = 16, .box_h = 16, .ofs_x = 0, .ofs_y = -2},
    {.bitmap_index = 4498, .adv_w = 256, .box_w = 16, .box_h = 16, .ofs_x = 0, .ofs_y = -2},
    {.bitmap_index = 4594, .adv_w = 256, .box_w = 16, .box_h = 16, .ofs_x = 0, .ofs_y = -2},
    {.bitmap_index = 4680, .adv_w = 256, .box_w = 16, .box_h = 14, .ofs_x = 0, .ofs_y = -1},
    {.bitmap_index = 4772, .adv_w = 256, .box_w = 16, .box_h = 15, .ofs_x = 0, .ofs_y = -2},
    {.bitmap_index = 4868, .adv_w = 256, .box_w = 16, .box_h = 15, .ofs_x = 0, .ofs_y = -2},
    {.bitmap_index = 4965, .adv_w = 256, .box_w = 15, .box_h = 15, .ofs_x = 0, .ofs_y = -2},
    {.bitmap_index = 5052, .adv_w = 256, .box_w = 16, .box_h = 16, .ofs_x = 0, .ofs_y = -2},
    {.bitmap_index = 5135, .adv_w = 256, .box_w = 16, .box_h = 15, .ofs_x = 0, .ofs_y = -2},
    {.bitmap_index = 5235, .adv_w = 256, .box_w = 16, .box_h = 16, .ofs_x = 0, .ofs_y = -2},
    {.bitmap_index = 5347, .adv_w = 256, .box_w = 16, .box_h = 15, .ofs_x = 0, .ofs_y = -2},
    {.bitmap_index = 5444, .adv_w = 256, .box_w = 16, .box_h = 15, .ofs_x = 0, .ofs_y = -2},
    {.bitmap_index = 5531, .adv_w = 256, .box_w = 14, .box_h = 16, .ofs_x = 1, .ofs_y = -2},
    {.bitmap_index = 5618, .adv_w = 256, .box_w = 16, .box_h = 16, .ofs_x = 0, .ofs_y = -2},
    {.bitmap_index = 5732, .adv_w = 256, .box_w = 14, .box_h = 16, .ofs_x = 1, .ofs_y = -2},
    {.bitmap_index = 5807, .adv_w = 256, .box_w = 16, .box_h = 16, .ofs_x = 0, .ofs_y = -3},
    {.bitmap_index = 5891, .adv_w = 256, .box_w = 16, .box_h = 15, .ofs_x = 0, .ofs_y = -2},
    {.bitmap_index = 5994, .adv_w = 256, .box_w = 16, .box_h = 14, .ofs_x = 0, .ofs_y = -2},
    {.bitmap_index = 6055, .adv_w = 256, .box_w = 15, .box_h = 15, .ofs_x = 0, .ofs_y = -2},
    {.bitmap_index = 6143, .adv_w = 256, .box_w = 15, .box_h = 15, .ofs_x = 0, .ofs_y = -2},
    {.bitmap_index = 6237, .adv_w = 256, .box_w = 15, .box_h = 15, .ofs_x = 0, .ofs_y = -2},
    {.bitmap_index = 6328, .adv_w = 256, .box_w = 16, .box_h = 16, .ofs_x = 0, .ofs_y = -2},
    {.bitmap_index = 6425, .adv_w = 256, .box_w = 16, .box_h = 15, .ofs_x = 0, .ofs_y = -2},
    {.bitmap_index = 6531, .adv_w = 256, .box_w = 15, .box_h = 14, .ofs_x = 0, .ofs_y = -1},
    {.bitmap_index = 6625, .adv_w = 256, .box_w = 15, .box_h = 16, .ofs_x = 0, .ofs_y = -2},
    {.bitmap_index = 6710, .adv_w = 256, .box_w = 16, .box_h = 15, .ofs_x = 0, .ofs_y = -2},
    {.bitmap_index = 6783, .adv_w = 256, .box_w = 14, .box_h = 14, .ofs_x = 1, .ofs_y = -1},
    {.bitmap_index = 6851, .adv_w = 256, .box_w = 16, .box_h = 15, .ofs_x = 0, .ofs_y = -2},
    {.bitmap_index = 6940, .adv_w = 256, .box_w = 15, .box_h = 15, .ofs_x = 0, .ofs_y = -2},
    {.bitmap_index = 7041, .adv_w = 256, .box_w = 12, .box_h = 12, .ofs_x = 2, .ofs_y = -1},
    {.bitmap_index = 7065, .adv_w = 256, .box_w = 14, .box_h = 14, .ofs_x = 1, .ofs_y = -2},
    {.bitmap_index = 7142, .adv_w = 256, .box_w = 15, .box_h = 14, .ofs_x = 0, .ofs_y = -2},
    {.bitmap_index = 7205, .adv_w = 256, .box_w = 15, .box_h = 15, .ofs_x = 1, .ofs_y = -2},
    {.bitmap_index = 7294, .adv_w = 256, .box_w = 15, .box_h = 14, .ofs_x = 0, .ofs_y = -2},
    {.bitmap_index = 7357, .adv_w = 256, .box_w = 15, .box_h = 15, .ofs_x = 0, .ofs_y = -2},
    {.bitmap_index = 7432, .adv_w = 256, .box_w = 16, .box_h = 15, .ofs_x = 0, .ofs_y = -3},
    {.bitmap_index = 7503, .adv_w = 256, .box_w = 14, .box_h = 15, .ofs_x = 1, .ofs_y = -3},
    {.bitmap_index = 7568, .adv_w = 256, .box_w = 14, .box_h = 17, .ofs_x = 0, .ofs_y = -3},
    {.bitmap_index = 7650, .adv_w = 256, .box_w = 15, .box_h = 15, .ofs_x = 0, .ofs_y = -2},
    {.bitmap_index = 7733, .adv_w = 256, .box_w = 14, .box_h = 16, .ofs_x = 1, .ofs_y = -3},
    {.bitmap_index = 7813, .adv_w = 256, .box_w = 16, .box_h = 15, .ofs_x = 0, .ofs_y = -2},
    {.bitmap_index = 7905, .adv_w = 256, .box_w = 15, .box_h = 14, .ofs_x = 0, .ofs_y = -1},
    {.bitmap_index = 7988, .adv_w = 256, .box_w = 16, .box_h = 14, .ofs_x = 0, .ofs_y = -1},
    {.bitmap_index = 8080, .adv_w = 256, .box_w = 14, .box_h = 14, .ofs_x = 1, .ofs_y = -2},
    {.bitmap_index = 8129, .adv_w = 256, .box_w = 16, .box_h = 15, .ofs_x = 0, .ofs_y = -2},
    {.bitmap_index = 8218, .adv_w = 256, .box_w = 16, .box_h = 14, .ofs_x = 0, .ofs_y = -1},
    {.bitmap_index = 8304, .adv_w = 256, .box_w = 16, .box_h = 15, .ofs_x = 0, .ofs_y = -2},
    {.bitmap_index = 8396, .adv_w = 256, .box_w = 15, .box_h = 15, .ofs_x = 0, .ofs_y = -2},
    {.bitmap_index = 8479, .adv_w = 256, .box_w = 15, .box_h = 15, .ofs_x = 1, .ofs_y = -2},
    {.bitmap_index = 8571, .adv_w = 256, .box_w = 16, .box_h = 15, .ofs_x = 0, .ofs_y = -2},
    {.bitmap_index = 8653, .adv_w = 256, .box_w = 16, .box_h = 15, .ofs_x = 0, .ofs_y = -2},
    {.bitmap_index = 8747, .adv_w = 256, .box_w = 16, .box_h = 15, .ofs_x = 0, .ofs_y = -2},
    {.bitmap_index = 8837, .adv_w = 256, .box_w = 16, .box_h = 15, .ofs_x = 0, .ofs_y = -2},
    {.bitmap_index = 8937, .adv_w = 256, .box_w = 16, .box_h = 17, .ofs_x = 0, .ofs_y = -3},
    {.bitmap_index = 9052, .adv_w = 256, .box_w = 15, .box_h = 16, .ofs_x = 1, .ofs_y = -2},
    {.bitmap_index = 9125, .adv_w = 256, .box_w = 16, .box_h = 16, .ofs_x = 0, .ofs_y = -2},
    {.bitmap_index = 9220, .adv_w = 256, .box_w = 14, .box_h = 16, .ofs_x = 1, .ofs_y = -2},
    {.bitmap_index = 9315, .adv_w = 256, .box_w = 16, .box_h = 16, .ofs_x = 0, .ofs_y = -2},
    {.bitmap_index = 9414, .adv_w = 256, .box_w = 16, .box_h = 15, .ofs_x = 0, .ofs_y = -2},
    {.bitmap_index = 9505, .adv_w = 256, .box_w = 16, .box_h = 14, .ofs_x = 0, .ofs_y = -2},
    {.bitmap_index = 9603, .adv_w = 256, .box_w = 16, .box_h = 15, .ofs_x = 0, .ofs_y = -1},
    {.bitmap_index = 9687, .adv_w = 256, .box_w = 14, .box_h = 14, .ofs_x = 1, .ofs_y = -1},
    {.bitmap_index = 9747, .adv_w = 256, .box_w = 16, .box_h = 15, .ofs_x = 0, .ofs_y = -2},
    {.bitmap_index = 9849, .adv_w = 256, .box_w = 15, .box_h = 16, .ofs_x = 0, .ofs_y = -2},
    {.bitmap_index = 9942, .adv_w = 256, .box_w = 16, .box_h = 15, .ofs_x = 0, .ofs_y = -2},
    {.bitmap_index = 10045, .adv_w = 256, .box_w = 16, .box_h = 15, .ofs_x = 0, .ofs_y = -2},
    {.bitmap_index = 10146, .adv_w = 256, .box_w = 16, .box_h = 14, .ofs_x = 0, .ofs_y = -1},
    {.bitmap_index = 10218, .adv_w = 256, .box_w = 13, .box_h = 17, .ofs_x = 1, .ofs_y = -3},
    {.bitmap_index = 10289, .adv_w = 256, .box_w = 16, .box_h = 15, .ofs_x = 0, .ofs_y = -2},
    {.bitmap_index = 10390, .adv_w = 256, .box_w = 14, .box_h = 15, .ofs_x = 1, .ofs_y = -2},
    {.bitmap_index = 10466, .adv_w = 256, .box_w = 16, .box_h = 15, .ofs_x = 0, .ofs_y = -2},
    {.bitmap_index = 10567, .adv_w = 256, .box_w = 16, .box_h = 15, .ofs_x = 0, .ofs_y = -2},
    {.bitmap_index = 10665, .adv_w = 256, .box_w = 16, .box_h = 16, .ofs_x = 0, .ofs_y = -2},
    {.bitmap_index = 10782, .adv_w = 256, .box_w = 16, .box_h = 15, .ofs_x = 0, .ofs_y = -1},
    {.bitmap_index = 10888, .adv_w = 256, .box_w = 16, .box_h = 13, .ofs_x = 0, .ofs_y = -1},
    {.bitmap_index = 10974, .adv_w = 256, .box_w = 16, .box_h = 16, .ofs_x = 0, .ofs_y = -2},
    {.bitmap_index = 11077, .adv_w = 256, .box_w = 16, .box_h = 16, .ofs_x = 0, .ofs_y = -2},
    {.bitmap_index = 11184, .adv_w = 256, .box_w = 16, .box_h = 16, .ofs_x = 0, .ofs_y = -2},
    {.bitmap_index = 11295, .adv_w = 256, .box_w = 15, .box_h = 16, .ofs_x = 1, .ofs_y = -2},
    {.bitmap_index = 11391, .adv_w = 256, .box_w = 16, .box_h = 15, .ofs_x = 0, .ofs_y = -2},
    {.bitmap_index = 11469, .adv_w = 256, .box_w = 16, .box_h = 15, .ofs_x = 0, .ofs_y = -2},
    {.bitmap_index = 11572, .adv_w = 256, .box_w = 16, .box_h = 15, .ofs_x = 0, .ofs_y = -2},
    {.bitmap_index = 11671, .adv_w = 256, .box_w = 16, .box_h = 16, .ofs_x = 0, .ofs_y = -2},
    {.bitmap_index = 11773, .adv_w = 256, .box_w = 16, .box_h = 16, .ofs_x = 0, .ofs_y = -2},
    {.bitmap_index = 11884, .adv_w = 256, .box_w = 16, .box_h = 15, .ofs_x = 0, .ofs_y = -2},
    {.bitmap_index = 11987, .adv_w = 256, .box_w = 16, .box_h = 16, .ofs_x = 0, .ofs_y = -3},
    {.bitmap_index = 12092, .adv_w = 256, .box_w = 16, .box_h = 16, .ofs_x = 0, .ofs_y = -2},
    {.bitmap_index = 12203, .adv_w = 256, .box_w = 16, .box_h = 16, .ofs_x = 0, .ofs_y = -2},
    {.bitmap_index = 12300, .adv_w = 256, .box_w = 16, .box_h = 17, .ofs_x = 0, .ofs_y = -3},
    {.bitmap_index = 12411, .adv_w = 256, .box_w = 16, .box_h = 15, .ofs_x = 0, .ofs_y = -2},
    {.bitmap_index = 12520, .adv_w = 256, .box_w = 16, .box_h = 15, .ofs_x = 0, .ofs_y = -2},
    {.bitmap_index = 12624, .adv_w = 256, .box_w = 16, .box_h = 15, .ofs_x = 0, .ofs_y = -2},
    {.bitmap_index = 12732, .adv_w = 256, .box_w = 16, .box_h = 16, .ofs_x = 0, .ofs_y = -2},
    {.bitmap_index = 12832, .adv_w = 256, .box_w = 16, .box_h = 15, .ofs_x = 0, .ofs_y = -2},
    {.bitmap_index = 12929, .adv_w = 256, .box_w = 16, .box_h = 16, .ofs_x = 0, .ofs_y = -2},
    {.bitmap_index = 13045, .adv_w = 256, .box_w = 16, .box_h = 15, .ofs_x = 0, .ofs_y = -2},
    {.bitmap_index = 13155, .adv_w = 256, .box_w = 15, .box_h = 15, .ofs_x = 0, .ofs_y = -2},
    {.bitmap_index = 13265, .adv_w = 256, .box_w = 16, .box_h = 16, .ofs_x = 0, .ofs_y = -2},
    {.bitmap_index = 13359, .adv_w = 256, .box_w = 16, .box_h = 15, .ofs_x = 0, .ofs_y = -2},
    {.bitmap_index = 13442, .adv_w = 256, .box_w = 14, .box_h = 14, .ofs_x = 1, .ofs_y = -2},
    {.bitmap_index = 13492, .adv_w = 256, .box_w = 15, .box_h = 15, .ofs_x = 1, .ofs_y = -2},
    {.bitmap_index = 13578, .adv_w = 256, .box_w = 16, .box_h = 15, .ofs_x = 0, .ofs_y = -3},
    {.bitmap_index = 13665, .adv_w = 256, .box_w = 15, .box_h = 14, .ofs_x = 1, .ofs_y = -2},
    {.bitmap_index = 13747, .adv_w = 256, .box_w = 16, .box_h = 16, .ofs_x = 0, .ofs_y = -2},
    {.bitmap_index = 13833, .adv_w = 256, .box_w = 16, .box_h = 14, .ofs_x = 0, .ofs_y = -1},
    {.bitmap_index = 13919, .adv_w = 256, .box_w = 15, .box_h = 15, .ofs_x = 0, .ofs_y = -2},
    {.bitmap_index = 14004, .adv_w = 256, .box_w = 16, .box_h = 15, .ofs_x = 0, .ofs_y = -2},
    {.bitmap_index = 14093, .adv_w = 256, .box_w = 16, .box_h = 14, .ofs_x = 0, .ofs_y = -1},
    {.bitmap_index = 14187, .adv_w = 256, .box_w = 16, .box_h = 16, .ofs_x = 0, .ofs_y = -3},
    {.bitmap_index = 14300, .adv_w = 256, .box_w = 16, .box_h = 15, .ofs_x = 0, .ofs_y = -2},
    {.bitmap_index = 14406, .adv_w = 256, .box_w = 16, .box_h = 14, .ofs_x = 0, .ofs_y = -1},
    {.bitmap_index = 14490, .adv_w = 256, .box_w = 16, .box_h = 16, .ofs_x = 0, .ofs_y = -2},
    {.bitmap_index = 14597, .adv_w = 256, .box_w = 15, .box_h = 14, .ofs_x = 0, .ofs_y = -1},
    {.bitmap_index = 14694, .adv_w = 256, .box_w = 16, .box_h = 15, .ofs_x = 0, .ofs_y = -2},
    {.bitmap_index = 14803, .adv_w = 256, .box_w = 16, .box_h = 17, .ofs_x = 0, .ofs_y = -3},
    {.bitmap_index = 14921, .adv_w = 256, .box_w = 16, .box_h = 15, .ofs_x = 0, .ofs_y = -2},
    {.bitmap_index = 15022, .adv_w = 256, .box_w = 15, .box_h = 13, .ofs_x = 0, .ofs_y = -1},
    {.bitmap_index = 15075, .adv_w = 256, .box_w = 15, .box_h = 15, .ofs_x = 0, .ofs_y = -2},
    {.bitmap_index = 15176, .adv_w = 256, .box_w = 16, .box_h = 15, .ofs_x = 0, .ofs_y = -2},
    {.bitmap_index = 15286, .adv_w = 256, .box_w = 15, .box_h = 15, .ofs_x = 0, .ofs_y = -2},
    {.bitmap_index = 15381, .adv_w = 256, .box_w = 15, .box_h = 16, .ofs_x = 0, .ofs_y = -3},
    {.bitmap_index = 15485, .adv_w = 256, .box_w = 16, .box_h = 15, .ofs_x = 0, .ofs_y = -2},
    {.bitmap_index = 15593, .adv_w = 256, .box_w = 16, .box_h = 16, .ofs_x = 0, .ofs_y = -2},
    {.bitmap_index = 15698, .adv_w = 256, .box_w = 16, .box_h = 16, .ofs_x = 0, .ofs_y = -2},
    {.bitmap_index = 15790, .adv_w = 256, .box_w = 16, .box_h = 16, .ofs_x = 0, .ofs_y = -2},
    {.bitmap_index = 15886, .adv_w = 256, .box_w = 16, .box_h = 15, .ofs_x = 0, .ofs_y = -2},
    {.bitmap_index = 15959, .adv_w = 256, .box_w = 16, .box_h = 15, .ofs_x = 0, .ofs_y = -2},
    {.bitmap_index = 16060, .adv_w = 256, .box_w = 16, .box_h = 16, .ofs_x = 0, .ofs_y = -2},
    {.bitmap_index = 16170, .adv_w = 256, .box_w = 16, .box_h = 16, .ofs_x = 0, .ofs_y = -3},
    {.bitmap_index = 16276, .adv_w = 256, .box_w = 16, .box_h = 15, .ofs_x = 0, .ofs_y = -2},
    {.bitmap_index = 16379, .adv_w = 256, .box_w = 16, .box_h = 15, .ofs_x = 0, .ofs_y = -2},
    {.bitmap_index = 16476, .adv_w = 256, .box_w = 15, .box_h = 14, .ofs_x = 0, .ofs_y = -1},
    {.bitmap_index = 16549, .adv_w = 256, .box_w = 14, .box_h = 14, .ofs_x = 0, .ofs_y = -2},
    {.bitmap_index = 16617, .adv_w = 256, .box_w = 15, .box_h = 15, .ofs_x = 1, .ofs_y = -2},
    {.bitmap_index = 16689, .adv_w = 256, .box_w = 16, .box_h = 16, .ofs_x = 0, .ofs_y = -3},
    {.bitmap_index = 16795, .adv_w = 256, .box_w = 14, .box_h = 16, .ofs_x = 1, .ofs_y = -2},
    {.bitmap_index = 16890, .adv_w = 256, .box_w = 16, .box_h = 16, .ofs_x = 0, .ofs_y = -2},
    {.bitmap_index = 16980, .adv_w = 256, .box_w = 16, .box_h = 17, .ofs_x = 0, .ofs_y = -3},
    {.bitmap_index = 17076, .adv_w = 256, .box_w = 14, .box_h = 15, .ofs_x = 1, .ofs_y = -2},
    {.bitmap_index = 17162, .adv_w = 256, .box_w = 15, .box_h = 16, .ofs_x = 0, .ofs_y = -2},
    {.bitmap_index = 17270, .adv_w = 256, .box_w = 14, .box_h = 17, .ofs_x = 1, .ofs_y = -3},
    {.bitmap_index = 17372, .adv_w = 256, .box_w = 16, .box_h = 15, .ofs_x = 0, .ofs_y = -2},
    {.bitmap_index = 17477, .adv_w = 256, .box_w = 15, .box_h = 16, .ofs_x = 1, .ofs_y = -2},
    {.bitmap_index = 17566, .adv_w = 256, .box_w = 16, .box_h = 14, .ofs_x = 0, .ofs_y = -1},
    {.bitmap_index = 17658, .adv_w = 256, .box_w = 16, .box_h = 16, .ofs_x = 0, .ofs_y = -2},
    {.bitmap_index = 17762, .adv_w = 256, .box_w = 16, .box_h = 15, .ofs_x = 0, .ofs_y = -2},
    {.bitmap_index = 17878, .adv_w = 256, .box_w = 15, .box_h = 14, .ofs_x = 0, .ofs_y = -1},
    {.bitmap_index = 17969, .adv_w = 256, .box_w = 16, .box_h = 15, .ofs_x = 0, .ofs_y = -2},
    {.bitmap_index = 18079, .adv_w = 256, .box_w = 15, .box_h = 14, .ofs_x = 1, .ofs_y = -2},
    {.bitmap_index = 18163, .adv_w = 256, .box_w = 15, .box_h = 13, .ofs_x = 1, .ofs_y = -1},
    {.bitmap_index = 18240, .adv_w = 256, .box_w = 16, .box_h = 15, .ofs_x = 0, .ofs_y = -2},
    {.bitmap_index = 18338, .adv_w = 256, .box_w = 16, .box_h = 16, .ofs_x = 0, .ofs_y = -2},
    {.bitmap_index = 18446, .adv_w = 256, .box_w = 16, .box_h = 14, .ofs_x = 0, .ofs_y = -1},
    {.bitmap_index = 18539, .adv_w = 256, .box_w = 12, .box_h = 15, .ofs_x = 2, .ofs_y = -1},
    {.bitmap_index = 18596, .adv_w = 256, .box_w = 16, .box_h = 16, .ofs_x = 0, .ofs_y = -2},
    {.bitmap_index = 18708, .adv_w = 256, .box_w = 16, .box_h = 14, .ofs_x = 0, .ofs_y = -1},
    {.bitmap_index = 18809, .adv_w = 256, .box_w = 16, .box_h = 15, .ofs_x = 0, .ofs_y = -2},
    {.bitmap_index = 18910, .adv_w = 256, .box_w = 16, .box_h = 15, .ofs_x = 0, .ofs_y = -2},
    {.bitmap_index = 19004, .adv_w = 256, .box_w = 14, .box_h = 15, .ofs_x = 0, .ofs_y = -2},
    {.bitmap_index = 19091, .adv_w = 256, .box_w = 16, .box_h = 16, .ofs_x = 0, .ofs_y = -2},
    {.bitmap_index = 19198, .adv_w = 256, .box_w = 14, .box_h = 15, .ofs_x = 1, .ofs_y = -1},
    {.bitmap_index = 19263, .adv_w = 256, .box_w = 16, .box_h = 16, .ofs_x = 0, .ofs_y = -2},
    {.bitmap_index = 19356, .adv_w = 256, .box_w = 16, .box_h = 16, .ofs_x = 0, .ofs_y = -3},
    {.bitmap_index = 19454, .adv_w = 256, .box_w = 16, .box_h = 15, .ofs_x = 0, .ofs_y = -2},
    {.bitmap_index = 19551, .adv_w = 256, .box_w = 16, .box_h = 16, .ofs_x = 0, .ofs_y = -2},
    {.bitmap_index = 19654, .adv_w = 256, .box_w = 16, .box_h = 14, .ofs_x = 0, .ofs_y = -1},
    {.bitmap_index = 19739, .adv_w = 256, .box_w = 16, .box_h = 16, .ofs_x = 0, .ofs_y = -3},
    {.bitmap_index = 19844, .adv_w = 256, .box_w = 16, .box_h = 15, .ofs_x = 0, .ofs_y = -2},
    {.bitmap_index = 19948, .adv_w = 256, .box_w = 15, .box_h = 15, .ofs_x = 0, .ofs_y = -2},
    {.bitmap_index = 20043, .adv_w = 256, .box_w = 16, .box_h = 16, .ofs_x = 0, .ofs_y = -2},
    {.bitmap_index = 20144, .adv_w = 256, .box_w = 16, .box_h = 16, .ofs_x = 0, .ofs_y = -2},
    {.bitmap_index = 20253, .adv_w = 256, .box_w = 16, .box_h = 16, .ofs_x = 0, .ofs_y = -2},
    {.bitmap_index = 20362, .adv_w = 256, .box_w = 16, .box_h = 15, .ofs_x = 0, .ofs_y = -2},
    {.bitmap_index = 20455, .adv_w = 256, .box_w = 16, .box_h = 15, .ofs_x = 0, .ofs_y = -2},
    {.bitmap_index = 20549, .adv_w = 256, .box_w = 16, .box_h = 15, .ofs_x = 0, .ofs_y = -2},
    {.bitmap_index = 20656, .adv_w = 256, .box_w = 15, .box_h = 15, .ofs_x = 0, .ofs_y = -1},
    {.bitmap_index = 20748, .adv_w = 256, .box_w = 16, .box_h = 15, .ofs_x = 0, .ofs_y = -2},
    {.bitmap_index = 20849, .adv_w = 256, .box_w = 16, .box_h = 15, .ofs_x = 0, .ofs_y = -2},
    {.bitmap_index = 20960, .adv_w = 256, .box_w = 16, .box_h = 16, .ofs_x = 0, .ofs_y = -2},
    {.bitmap_index = 21066, .adv_w = 256, .box_w = 15, .box_h = 16, .ofs_x = 1, .ofs_y = -2},
    {.bitmap_index = 21165, .adv_w = 256, .box_w = 15, .box_h = 13, .ofs_x = 0, .ofs_y = -1},
    {.bitmap_index = 21241, .adv_w = 256, .box_w = 16, .box_h = 14, .ofs_x = 0, .ofs_y = -1},
    {.bitmap_index = 21323, .adv_w = 256, .box_w = 15, .box_h = 15, .ofs_x = 0, .ofs_y = -2},
    {.bitmap_index = 21411, .adv_w = 256, .box_w = 16, .box_h = 15, .ofs_x = 0, .ofs_y = -2},
    {.bitmap_index = 21519, .adv_w = 256, .box_w = 16, .box_h = 15, .ofs_x = 0, .ofs_y = -2},
    {.bitmap_index = 21628, .adv_w = 256, .box_w = 16, .box_h = 15, .ofs_x = 0, .ofs_y = -2},
    {.bitmap_index = 21733, .adv_w = 256, .box_w = 16, .box_h = 15, .ofs_x = 0, .ofs_y = -2},
    {.bitmap_index = 21849, .adv_w = 256, .box_w = 14, .box_h = 15, .ofs_x = 1, .ofs_y = -2},
    {.bitmap_index = 21932, .adv_w = 256, .box_w = 14, .box_h = 15, .ofs_x = 1, .ofs_y = -2},
    {.bitmap_index = 22010, .adv_w = 256, .box_w = 14, .box_h = 15, .ofs_x = 1, .ofs_y = -2},
    {.bitmap_index = 22091, .adv_w = 256, .box_w = 16, .box_h = 16, .ofs_x = 0, .ofs_y = -2},
    {.bitmap_index = 22209, .adv_w = 256, .box_w = 15, .box_h = 16, .ofs_x = 0, .ofs_y = -2},
    {.bitmap_index = 22304, .adv_w = 256, .box_w = 14, .box_h = 16, .ofs_x = 1, .ofs_y = -3},
    {.bitmap_index = 22385, .adv_w = 256, .box_w = 16, .box_h = 15, .ofs_x = 0, .ofs_y = -2},
    {.bitmap_index = 22496, .adv_w = 256, .box_w = 14, .box_h = 16, .ofs_x = 1, .ofs_y = -2},
    {.bitmap_index = 22568, .adv_w = 256, .box_w = 16, .box_h = 15, .ofs_x = 0, .ofs_y = -2},
    {.bitmap_index = 22671, .adv_w = 256, .box_w = 3, .box_h = 12, .ofs_x = 3, .ofs_y = 0},
    {.bitmap_index = 22690, .adv_w = 256, .box_w = 6, .box_h = 14, .ofs_x = 9, .ofs_y = -1},
    {.bitmap_index = 22725, .adv_w = 256, .box_w = 6, .box_h = 14, .ofs_x = 1, .ofs_y = -1},
    {.bitmap_index = 22761, .adv_w = 256, .box_w = 4, .box_h = 6, .ofs_x = 1, .ofs_y = -3},
    {.bitmap_index = 22773, .adv_w = 256, .box_w = 3, .box_h = 7, .ofs_x = 3, .ofs_y = 0},
    {.bitmap_index = 22784, .adv_w = 256, .box_w = 4, .box_h = 10, .ofs_x = 2, .ofs_y = -3},
    {.bitmap_index = 22804, .adv_w = 256, .box_w = 7, .box_h = 12, .ofs_x = 2, .ofs_y = 0},
    {.bitmap_index = 22842, .adv_w = 256, .box_w = 16, .box_h = 4, .ofs_x = 0, .ofs_y = 4}
};

/*---------------------
 *  CHARACTER MAPPING
 *--------------------*/

static const uint16_t unicode_list_1[] = {
    0x0, 0x7, 0x1f64, 0x1f76, 0x20e2, 0x2f51, 0x2f52, 0x2f5c,
    0x2f5d, 0x4d50, 0x4d5a, 0x4d5b, 0x4d5d, 0x4d63, 0x4d6d, 0x4d74,
    0x4d7d, 0x4d82, 0x4d9e, 0x4dd6, 0x4df4, 0x4df7, 0x4dfe, 0x4e15,
    0x4e26, 0x4e3c, 0x4e46, 0x4e4d, 0x4e4f, 0x4e6a, 0x4e9e, 0x4e9f,
    0x4ea3, 0x4eb0, 0x4edb, 0x4ef7, 0x4f31, 0x4faa, 0x501f, 0x5098,
    0x50c1, 0x50c3, 0x50cc, 0x50d5, 0x50dd, 0x5116, 0x5130, 0x517b,
    0x5180, 0x5186, 0x519d, 0x51f8, 0x524f, 0x52a5, 0x52b1, 0x52c0,
    0x5319, 0x5321, 0x5333, 0x5336, 0x533a, 0x533d, 0x533f, 0x5343,
    0x5347, 0x535c, 0x535d, 0x535e, 0x537c, 0x5390, 0x53dc, 0x54d7,
    0x562e, 0x5678, 0x5680, 0x56a7, 0x5840, 0x5843, 0x5879, 0x5881,
    0x5884, 0x58cd, 0x591b, 0x5aa7, 0x5adc, 0x5aee, 0x5b09, 0x5b49,
    0x5b9f, 0x5d36, 0x5d42, 0x5da5, 0x5de4, 0x5df6, 0x5df7, 0x5e50,
    0x5e65, 0x5e70, 0x5ea3, 0x5ed5, 0x5ed8, 0x5efe, 0x5f51, 0x5f6d,
    0x605f, 0x6160, 0x6161, 0x6166, 0x61a3, 0x61c0, 0x61d4, 0x6219,
    0x6259, 0x62be, 0x62e2, 0x62f5, 0x62f7, 0x6322, 0x636c, 0x6394,
    0x63c8, 0x6486, 0x6489, 0x6498, 0x649f, 0x64c0, 0x64d7, 0x6530,
    0x6537, 0x6546, 0x656f, 0x657f, 0x6659, 0x667a, 0x667c, 0x668a,
    0x66b5, 0x66cf, 0x6706, 0x6735, 0x6771, 0x68aa, 0x6971, 0x697a,
    0x6a71, 0x6ab3, 0x6bf1, 0x6c32, 0x6c9b, 0x6d55, 0x6de0, 0x6e21,
    0x6fbf, 0x6fc5, 0x7009, 0x705a, 0x71b9, 0x71c9, 0x7206, 0x72d7,
    0x746f, 0x7478, 0x7485, 0x74b5, 0x75d4, 0x766f, 0x7690, 0x7735,
    0x77be, 0x790b, 0x795b, 0x79ca, 0x7a26, 0x7aa4, 0x7e0f, 0x7e14,
    0x7e4f, 0x7ea1, 0x7ebe, 0x7f53, 0x7f96, 0x806a, 0x813a, 0x832c,
    0x842d, 0x87b8, 0x88d1, 0x8922, 0x8936, 0x8950, 0x8af4, 0x8b02,
    0x8b0e, 0x8b25, 0x8b2d, 0x8b3d, 0x8b44, 0x8b53, 0x8c75, 0x8ebf,
    0x8ecb, 0x8f17, 0x8f21, 0x8f24, 0x8f29, 0x8f6a, 0x8fcf, 0x8ff3,
    0x9038, 0x911f, 0x93d8, 0x93ef, 0x93fe, 0x9451, 0x9469, 0x947e,
    0x953d, 0x9549, 0x963a, 0x96a9, 0x96b0, 0x9743, 0x97e7, 0x9a28,
    0x9df6, 0xfe51, 0xfe58, 0xfe59, 0xfe5c, 0xfe6a, 0xfe6b, 0xfe6f,
    0xfeae
};

/*Collect the unicode lists and glyph_id offsets*/
static const lv_font_fmt_txt_cmap_t cmaps[] =
{
    {
        .range_start = 32, .range_length = 95, .glyph_id_start = 1,
        .unicode_list = NULL, .glyph_id_ofs_list = NULL, .list_length = 0, .type = LV_FONT_FMT_TXT_CMAP_FORMAT0_TINY
    },
    {
        .range_start = 176, .range_length = 65199, .glyph_id_start = 96,
        .unicode_list = unicode_list_1, .glyph_id_ofs_list = NULL, .list_length = 233, .type = LV_FONT_FMT_TXT_CMAP_SPARSE_TINY
    }
};



/*--------------------
 *  ALL CUSTOM DATA
 *--------------------*/

#if LVGL_VERSION_MAJOR == 8
/*Store all the custom data of the font*/
static  lv_font_fmt_txt_glyph_cache_t cache;
#endif

#if LVGL_VERSION_MAJOR >= 8
static const lv_font_fmt_txt_dsc_t font_dsc = {
#else
static lv_font_fmt_txt_dsc_t font_dsc = {
#endif
    .glyph_bitmap = glyph_bitmap,
    .glyph_dsc = glyph_dsc,
    .cmaps = cmaps,
    .kern_dsc = NULL,
    .kern_scale = 0,
    .cmap_num = 2,
    .bpp = 4,
    .kern_classes = 0,
    .bitmap_format = 1,
#if LVGL_VERSION_MAJOR == 8
    .cache = &cache
#endif
};



/*-----------------
 *  PUBLIC FONT
 *----------------*/

/*Initialize a public general font descriptor*/
#if LVGL_VERSION_MAJOR >= 8
const lv_font_t font_cn_16 = {
#else
lv_font_t font_cn_16 = {
#endif
    .get_glyph_dsc = lv_font_get_glyph_dsc_fmt_txt,    /*Function pointer to get glyph's data*/
    .get_glyph_bitmap = lv_font_get_bitmap_fmt_txt,    /*Function pointer to get glyph's bitmap*/
    .line_height = 19,          /*The maximum line height required by the font*/
    .base_line = 3,             /*Baseline measured from the bottom of the line*/
#if !(LVGL_VERSION_MAJOR == 6 && LVGL_VERSION_MINOR == 0)
    .subpx = LV_FONT_SUBPX_NONE,
#endif
#if LV_VERSION_CHECK(7, 4, 0) || LVGL_VERSION_MAJOR >= 8
    .underline_position = -1,
    .underline_thickness = 1,
#endif
    .dsc = &font_dsc,          /*The custom font data. Will be accessed by `get_glyph_bitmap/dsc` */
#if LV_VERSION_CHECK(8, 2, 0) || LVGL_VERSION_MAJOR >= 9
    .fallback = NULL,
#endif
    .user_data = NULL,
};



#endif /*#if FONT_CN_16*/

